plsttxlqoo.mp4,REAL
axulmlkufx.mp4,REAL
nejuxyzoyd.mp4,REAL
jtcdnrwmwn.mp4,REAL
ovhhfetnri.mp4,REAL
nyyrcevhrc.mp4,REAL
fivdmorlbt.mp4,REAL
imrprfgqaj.mp4,REAL
jytrvwlewz.mp4,REAL
kseffrmenc.mp4,REAL
dxlpzbiajj.mp4,REAL
uisuxausdz.mp4,REAL
syacqpjjzr.mp4,REAL
pwvnzblmuf.mp4,REAL
fjctwymmnn.mp4,REAL
ukrvmiddhp.mp4,REAL
eyvsgkwrkj.mp4,REAL
smzplltnou.mp4,REAL
yklrylijjp.mp4,REAL
dmtsxclujy.mp4,REAL
ofpugszjdt.mp4,REAL
fmuleeyhxj.mp4,REAL
mzobgqyihz.mp4,REAL
fanibwbmoq.mp4,REAL
wlurvqspwf.mp4,REAL
ugehfvqgbq.mp4,REAL
czgnyrrkuq.mp4,REAL
oznyyhvzxk.mp4,REAL
rchhpxquai.mp4,REAL
dykljokhdg.mp4,REAL
hivnldfvyl.mp4,REAL
ndaetluhcr.mp4,REAL
xbjffkzsuv.mp4,REAL
oobeaklccb.mp4,REAL
fnxmqrygbm.mp4,REAL
ptchnzeeqc.mp4,REAL
kbddtkgnmu.mp4,REAL
mohiqoogpb.mp4,REAL
noyszfsbov.mp4,REAL
bcorltkxuf.mp4,REAL
hddgrmdzta.mp4,REAL
cndtykayuj.mp4,REAL
pkjmnwfcig.mp4,REAL
prdrkaxeob.mp4,REAL
wjesnindbk.mp4,REAL
ykofirxynw.mp4,REAL
tgcgughqjf.mp4,REAL
oaguiggjyv.mp4,REAL
ystdtnetgj.mp4,REAL
tyjpjpglgx.mp4,REAL
rlilafvfjm.mp4,REAL
gvwsgyexpl.mp4,REAL
ylxwcwhjjd.mp4,REAL
wimbntkoha.mp4,REAL
fvcqerfgfa.mp4,REAL
htzbnroagi.mp4,REAL
tbhtlnrbut.mp4,REAL
ylntmnbfvk.mp4,REAL
ibkgonjbjz.mp4,REAL
pzkdefgfyc.mp4,REAL
wqbzbxjndx.mp4,REAL
vnlzxqwthl.mp4,REAL
asgfrovmom.mp4,REAL
ttgfcsyfcg.mp4,REAL
pykjeuufie.mp4,REAL
nilxaonflk.mp4,REAL
qskstyrigj.mp4,REAL
tyojwenpaf.mp4,REAL
locbjirkex.mp4,REAL
nhsprpibiv.mp4,REAL
caaackoecr.mp4,REAL
dutdnjgeud.mp4,REAL
hwlizlhzjj.mp4,REAL
lnhkjhyhvw.mp4,REAL
pilaglcgpu.mp4,REAL
dinukxjoce.mp4,REAL
emflfadjyb.mp4,REAL
zcdzrwelwn.mp4,REAL
boaubpdrvk.mp4,REAL
arsayfybpz.mp4,REAL
ygqzmkxuru.mp4,REAL
ywvbdslsgu.mp4,REAL
kpropgluhn.mp4,REAL
rctronqqjs.mp4,REAL
tzsnrrptgs.mp4,REAL
nawtezpgnm.mp4,REAL
rxdoimqble.mp4,REAL
jjkfvegcnx.mp4,REAL
nkfxfvglzp.mp4,REAL
wcqvzujamg.mp4,REAL
rltsrqhbff.mp4,REAL
kpfiadskoi.mp4,REAL
selrivfagu.mp4,REAL
ckrafhjqpz.mp4,REAL
zfobicuigx.mp4,REAL
iwfqatwnfa.mp4,REAL
spgzovqysj.mp4,REAL
mvplwzoirr.mp4,REAL
ardijxbxdm.mp4,REAL
gasdqayvgc.mp4,REAL
cwzpgqpfum.mp4,REAL
lokzwdldxp.mp4,REAL
whbxafllos.mp4,REAL
extbidooov.mp4,REAL
lpgxwdgnio.mp4,REAL
xiutcafpof.mp4,REAL
xzcexrifxq.mp4,REAL
eifretwgfd.mp4,REAL
hbbnbemsln.mp4,REAL
rmpbqeawlq.mp4,REAL
phjvutxpoi.mp4,REAL
gwypcwesyg.mp4,REAL
eekfppyltt.mp4,REAL
xzayxilesu.mp4,REAL
teehidqtii.mp4,REAL
udgswgspcm.mp4,REAL
wtbtcunklv.mp4,REAL
nqxbkwbekr.mp4,REAL
avjkwuusto.mp4,REAL
keioymnobc.mp4,REAL
oeibgzoqus.mp4,REAL
qsuinwnjjb.mp4,REAL
lzexzlshim.mp4,REAL
xoocqckwwg.mp4,REAL
rupudccrgd.mp4,REAL
ejhhokmvpe.mp4,REAL
qiyzfjrloz.mp4,REAL
msvjfalfax.mp4,REAL
kdvcexakou.mp4,REAL
oikhytmnol.mp4,REAL
vmqbnadjpe.mp4,REAL
kptmhmbexi.mp4,REAL
dogenbgabh.mp4,REAL
bgqnopotbe.mp4,REAL
mhlviycfpq.mp4,REAL
cfaxqoasjl.mp4,REAL
mxrnlrylrq.mp4,REAL
vrihpmcikh.mp4,REAL
psesikjaxx.mp4,REAL
pxjkzvqomp.mp4,REAL
wuoxykvoee.mp4,REAL
ppgpesmnom.mp4,REAL
gkbmuqhfti.mp4,REAL
kkhtabarcx.mp4,REAL
ovsraliubt.mp4,REAL
mwxecbuidu.mp4,REAL
uyrhbkmzat.mp4,REAL
tsqnshpqga.mp4,REAL
fnwnfnrbte.mp4,REAL
ddrcabjbza.mp4,REAL
urooekxlmq.mp4,REAL
kljsosbpwv.mp4,REAL
jnxninjsir.mp4,REAL
mkmgcxaztt.mp4,REAL
dmmvuaikkv.mp4,REAL
cwbubjzysv.mp4,REAL
qmifyvokds.mp4,REAL
xarfrtqenk.mp4,REAL
auqgkzaacb.mp4,REAL
auiyaoncks.mp4,REAL
wapflpdhyi.mp4,REAL
jtsftmvtcf.mp4,REAL
crvepxiplb.mp4,REAL
qarqtkvgby.mp4,REAL
juhpgqxkwl.mp4,REAL
ypkehhhckj.mp4,REAL
suleggscox.mp4,REAL
agvtpygfdc.mp4,REAL
iieygeizqt.mp4,REAL
hshpnnxnyh.mp4,REAL
gwpgbowzye.mp4,REAL
xdkrcntpso.mp4,REAL
nvjdasvkoe.mp4,REAL
grzszchajr.mp4,REAL
fzjvdhvfhp.mp4,REAL
gxqzavbulk.mp4,REAL
qzmsurujkz.mp4,REAL
hzjpgjgtar.mp4,REAL
tgknwvdjxj.mp4,REAL
bllhfrgbza.mp4,REAL
omodwoqqhv.mp4,REAL
ixypsvvkfv.mp4,REAL
vuihguvkdd.mp4,REAL
bgeacsngmi.mp4,REAL
epxxazhprp.mp4,REAL
fyyyoslpgo.mp4,REAL
lkbpavasad.mp4,REAL
gorrghkrjt.mp4,REAL
yeemuaroyj.mp4,REAL
rnxzqumvvl.mp4,REAL
nbmlalfmaj.mp4,REAL
xwbjtlqxeo.mp4,REAL
viteugozpv.mp4,REAL
ztyvglkcsf.mp4,REAL
stftfbmdgu.mp4,REAL
qvmadvtfzf.mp4,REAL
yrkqvzrkmu.mp4,REAL
ufwsepxqbr.mp4,REAL
ochicrfxew.mp4,REAL
enjaxrsqfw.mp4,REAL
ooafcxxfrs.mp4,REAL
siebfpwuhu.mp4,REAL
qcsfyfuibd.mp4,REAL
jzmzdispyo.mp4,REAL
qmhakuwxky.mp4,REAL
didzujjhtg.mp4,REAL
bdzgchaaxp.mp4,REAL
qvbhffochl.mp4,REAL
rfvmtpuvps.mp4,REAL
uxuvkrjhws.mp4,REAL
ogghhskfdr.mp4,REAL
pkgrxcumnm.mp4,REAL
nxisgwjymu.mp4,REAL
jtgujpmdff.mp4,REAL
vvfszaosiv.mp4,REAL
uayzvvmhjr.mp4,REAL
lperomvunw.mp4,REAL
mwocdprfiu.mp4,REAL
orblnqzpra.mp4,REAL
ggpxsyidcv.mp4,REAL
ywxpquomgt.mp4,REAL
uxlsxewlrd.mp4,REAL
czhkwernpi.mp4,REAL
qyefejorlb.mp4,REAL
bgsluarwyl.mp4,REAL
blyoxkhsdl.mp4,REAL
rcjyfjozsp.mp4,REAL
rjrudhdbpf.mp4,REAL
xkfliqnmwt.mp4,REAL
xaufrrlmgw.mp4,REAL
wbiuklwpml.mp4,REAL
mogwgizctk.mp4,REAL
wfihvsniyz.mp4,REAL
vmxfwxgdei.mp4,REAL
uchzxjmkgi.mp4,REAL
anikhdvdzo.mp4,REAL
vqjvtgaaqb.mp4,REAL
sycfrgvkry.mp4,REAL
tdhtjtjeqd.mp4,REAL
xuldmmzgci.mp4,REAL
jkwpppugfm.mp4,REAL
pdufsewrec.mp4,REAL
mlhjazstxo.mp4,REAL
uzirqfsjnm.mp4,REAL
rqgzqwujgo.mp4,REAL
bfajruognp.mp4,REAL
voeyftxnik.mp4,REAL
yronlutbgm.mp4,REAL
daxppvplei.mp4,REAL
irqzdokcws.mp4,REAL
xpehzjgxal.mp4,REAL
cioqvqngku.mp4,REAL
dekubmzctv.mp4,REAL
zcjjkcrrle.mp4,REAL
fnslimfagb.mp4,REAL
cnvdpkxlgy.mp4,REAL
ipolpruzgf.mp4,REAL
cgacynuzzc.mp4,REAL
zveogsfnoz.mp4,REAL
sxhwdvetbh.mp4,REAL
beueokqiuo.mp4,REAL
ztyuiqrhdk.mp4,REAL
otaahqoath.mp4,REAL
tlcvcbarnk.mp4,REAL
liyvxlwvei.mp4,REAL
eiofpijvxq.mp4,REAL
wqtpgcfjlu.mp4,REAL
aabqyygbaa.mp4,REAL
tzgoroiixc.mp4,REAL
vlpmiheura.mp4,REAL
nralzvqicb.mp4,REAL
ocnqcaojtf.mp4,REAL
fsqteuqfqj.mp4,REAL
pshagenxml.mp4,REAL
gefugazrua.mp4,REAL
sirhlngcew.mp4,REAL
qohooxdwvh.mp4,REAL
hknucpztup.mp4,REAL
kkbznuwipg.mp4,REAL
okjhfifjkr.mp4,REAL
qtudktftrc.mp4,REAL
qsgwkephyr.mp4,REAL
xzkikmghps.mp4,REAL
mrvumgzbzq.mp4,REAL
xjkaankpjj.mp4,REAL
rckdmkkfpe.mp4,REAL
dotnqbskng.mp4,REAL
vwzihtdkcp.mp4,REAL
pmzpdrjsmq.mp4,REAL
bcbqxhziqz.mp4,REAL
oocincvedt.mp4,REAL
dafhnjbgjp.mp4,REAL
evpvyvqybg.mp4,REAL
pxcumwtops.mp4,REAL
tepveovrdk.mp4,REAL
plcetnsilv.mp4,REAL
uiiiophjmf.mp4,REAL
yrwhyhmzwi.mp4,REAL
dzkyxbbqkr.mp4,REAL
kwfdyqofzw.mp4,REAL
wstgvdiflj.mp4,REAL
bwtyeeplxj.mp4,REAL
yoosbxmtow.mp4,REAL
hszwwswewp.mp4,REAL
nmkvlryswx.mp4,REAL
yrxnqqjvrc.mp4,REAL
izkvecvmid.mp4,REAL
xjfmirjqdf.mp4,REAL
djjgzhluss.mp4,REAL
jrabtkjqwn.mp4,REAL
cdgrttukjn.mp4,REAL
siwmglrdle.mp4,REAL
kxvowszzuo.mp4,REAL
ljtkjhntue.mp4,REAL
cpvwreivtv.mp4,REAL
puudvugxrl.mp4,REAL
lfvobvqbdn.mp4,REAL
augnkililg.mp4,REAL
eciygjkaco.mp4,REAL
alfjkgcvle.mp4,REAL
vrzpxnryrm.mp4,REAL
hlxgwlqtde.mp4,REAL
ugrlhuxwkw.mp4,REAL
mgnqkbtorj.mp4,REAL
gvycszbsqv.mp4,REAL
wbpcawlkxt.mp4,REAL
smigbfmhew.mp4,REAL
fzegrgsdky.mp4,REAL
ezfrcspzxw.mp4,REAL
gvwkwkosow.mp4,REAL
deuqmhwoco.mp4,REAL
drtulzvrde.mp4,REAL
utjlovulfq.mp4,REAL
wtqrmqnqvf.mp4,REAL
uqhoxraupo.mp4,REAL
rrldnflyrx.mp4,REAL
yhylappzid.mp4,REAL
bsjezfsydc.mp4,REAL
ghfnznqrvh.mp4,REAL
jqekzibtwn.mp4,REAL
kmigcpmqoq.mp4,REAL
qwdoikpbwm.mp4,REAL
qzpwniycty.mp4,REAL
eclxonfxph.mp4,REAL
onavgkayge.mp4,REAL
ujyowwqpri.mp4,REAL
jgdrcvviil.mp4,REAL
terivbcgpp.mp4,REAL
hplxtssgnz.mp4,REAL
unmfaaaeln.mp4,REAL
akcijmdkaq.mp4,REAL
fvcxtymazh.mp4,REAL
aszdwxqtnb.mp4,REAL
chqosjqjus.mp4,REAL
htrkeemhkr.mp4,REAL
nymodlmxni.mp4,REAL
nbrbwqrwnb.mp4,REAL
zqfqdmqkyj.mp4,REAL
jyfvaequfg.mp4,REAL
gopykvbaxq.mp4,REAL
nvdzhsjkda.mp4,REAL
giwobcepvb.mp4,REAL
roykwzcnwf.mp4,REAL
xugmhbetrw.mp4,REAL
vizerpsvbz.mp4,REAL
sfqbvdhifm.mp4,REAL
kgdvgipvae.mp4,REAL
umtqdtidfm.mp4,REAL
ydbnctieuk.mp4,REAL
ownaiohdwx.mp4,REAL
vasbxjbiyl.mp4,REAL
jiavqbrkyk.mp4,REAL
rxhqanmeew.mp4,REAL
aqjwkkbklt.mp4,REAL
aycjerwghk.mp4,REAL
mzjhuztfed.mp4,REAL
uazbhwyysx.mp4,REAL
ghccycttqk.mp4,REAL
avphttmbpx.mp4,REAL
nrknrodwza.mp4,REAL
wclvkepakb.mp4,REAL
puusxoqgev.mp4,REAL
fldpkataqk.mp4,REAL
yrdrzkpxgz.mp4,REAL
gvicncmstz.mp4,REAL
evysmtpnrf.mp4,REAL
ymwmhfiwmb.mp4,REAL
dzrrklwrgn.mp4,REAL
cvznehgagq.mp4,REAL
qhkwjzpuud.mp4,REAL
gylcfcozce.mp4,REAL
pxcfrszlgi.mp4,REAL
xibxuyhmel.mp4,REAL
jjycletzyl.mp4,REAL
mnzabbkpmt.mp4,REAL
hlqychjycc.mp4,REAL
jsowtzdepc.mp4,REAL
kjaujmuvdz.mp4,REAL
uqtqhiqymz.mp4,REAL
xmkwsnuzyq.mp4,REAL
vqybdfadtl.mp4,REAL
otumyuuzkl.mp4,REAL
yietrwuncf.mp4,REAL
rbnfvqyses.mp4,REAL
htqtvkygxi.mp4,REAL
cxwcpgspni.mp4,REAL
ecblkidyfd.mp4,REAL
rfakffjumr.mp4,REAL
dtozwcapoa.mp4,REAL
echurwqdgu.mp4,REAL
ntyxnzblsp.mp4,REAL
blnmxntbey.mp4,REAL
evjkrjrged.mp4,REAL
dplfintlwc.mp4,REAL
ljrcafxwrn.mp4,REAL
zwkeeczvam.mp4,REAL
tvihzkjdmm.mp4,REAL
ntnmovxbyt.mp4,REAL
ljouzjaqqe.mp4,REAL
nhsijqpoda.mp4,REAL
owkrfyfxpw.mp4,REAL
xhoruswklx.mp4,REAL
hvyevrpeyc.mp4,REAL
pgioqqehjk.mp4,REAL
ggzjfrirjh.mp4,REAL
mxjfuswavn.mp4,REAL
vwlhtziexs.mp4,REAL
woytzlcssm.mp4,REAL
zviyfullci.mp4,REAL
kxppqyujvj.mp4,REAL
kdzihtzpkr.mp4,REAL
bojeaxbyqw.mp4,REAL
kxrolubbyy.mp4,REAL
fdpisghkmd.mp4,REAL
tchdlkhcym.mp4,REAL
mmifqasqyt.mp4,REAL
nioqtolubb.mp4,REAL
pczqsicacb.mp4,REAL
yyaejjkbds.mp4,REAL
coznguzsuq.mp4,REAL
oovzfmploa.mp4,REAL
lhglvsajka.mp4,REAL
ciarewcddo.mp4,REAL
mkzaekkvej.mp4,REAL
obozirvzxd.mp4,REAL
gxsbbcjuzh.mp4,REAL
wzdnvgackt.mp4,REAL
jpjyldcxnl.mp4,REAL
csfwgdpzym.mp4,REAL
kpnakfmmlh.mp4,REAL
tftvimylrn.mp4,REAL
cczdxtweqv.mp4,REAL
dhjnjkzuhq.mp4,REAL
vpamslbafq.mp4,REAL
ybnucgidtu.mp4,REAL
gwuvxanihp.mp4,REAL
figsmtmzse.mp4,REAL
htrfewqkrr.mp4,REAL
arccwzfwkm.mp4,REAL
nxylqxbxnz.mp4,REAL
tpzecuwvyf.mp4,REAL
gchvouptky.mp4,REAL
kdcshrgdcw.mp4,REAL
idbaeatils.mp4,REAL
hmxihwteht.mp4,REAL
pzvqmdizij.mp4,REAL
hkrhoronxv.mp4,REAL
jiswxuqzyz.mp4,REAL
haqhhmprto.mp4,REAL
nvvghjfiqq.mp4,REAL
pslnizmjib.mp4,REAL
cqxxumarvp.mp4,REAL
krgtejyztc.mp4,REAL
xxzefxwyku.mp4,REAL
rbvcifizzm.mp4,REAL
ditutizgrn.mp4,REAL
sznkemeqro.mp4,REAL
utxsqzcrbt.mp4,REAL
kzcnhvkopb.mp4,REAL
geoypwfwon.mp4,REAL
gtpbsniqon.mp4,REAL
rhncslawoz.mp4,REAL
yoqqryxlll.mp4,REAL
skblurqkbj.mp4,REAL
hbcasaspdr.mp4,REAL
qablpysmuq.mp4,REAL
ynyzjkvrxc.mp4,REAL
ykwmoztmjl.mp4,REAL
mjtgoedhei.mp4,REAL
vqtpvljpmu.mp4,REAL
zjnrllmowq.mp4,REAL
lbigytrrtr.mp4,REAL
nfccydyhxu.mp4,REAL
qdzadbpiod.mp4,REAL
lcqqawbmnn.mp4,REAL
sjfnwkiqin.mp4,REAL
lnjkpdviqb.mp4,REAL
oiysfgeifc.mp4,REAL
mvmbdizipz.mp4,REAL
yrxljghbmn.mp4,REAL
jiwlonxohi.mp4,REAL
qkaafsvwxs.mp4,REAL
etinaehykw.mp4,REAL
fpqhqpiiqq.mp4,REAL
pydubklpub.mp4,REAL
kqlvggiqee.mp4,REAL
ofwjwemovw.mp4,REAL
bytmknqtol.mp4,REAL
vrygfsxghl.mp4,REAL
jpvkoxrueh.mp4,REAL
egcuyhyvsm.mp4,REAL
bxxynjbyth.mp4,REAL
xobjrvpdzt.mp4,REAL
wjbzupwcge.mp4,REAL
rmufsuogzn.mp4,REAL
jtpjvsnwjc.mp4,REAL
wlhrjmuycr.mp4,REAL
fqnvpbvfmf.mp4,REAL
zcijgqopyg.mp4,REAL
ewoczpvuuc.mp4,REAL
tfbvbyliwh.mp4,REAL
hlgkqylzrh.mp4,REAL
uhrqlmlclw.mp4,REAL
abmjszfycr.mp4,REAL
uzrsmulqll.mp4,REAL
jtafajtmpv.mp4,REAL
wzrocvfzql.mp4,REAL
beuzicnshd.mp4,REAL
wbuajbdcfs.mp4,REAL
bkuzquigyt.mp4,REAL
yndrghtxff.mp4,REAL
lkvpwhhelv.mp4,REAL
hbotpzjkuc.mp4,REAL
mtnahwfzjr.mp4,REAL
lrknyidgjx.mp4,REAL
addknoverp.mp4,REAL
jzupayeuln.mp4,REAL
ojmwqqxjzk.mp4,REAL
lejzouanmd.mp4,REAL
vchgbyqolg.mp4,REAL
plihptbblj.mp4,REAL
vpmyeepbep.mp4,REAL
pzkvwtadta.mp4,REAL
rrwgtachie.mp4,REAL
yyqfgqdlgk.mp4,REAL
ejmpycnatt.mp4,REAL
creyvvrxcf.mp4,REAL
fopjiyxiqd.mp4,REAL
wbvjhwxgfk.mp4,REAL
arzenjyyrm.mp4,REAL
rlzaurucfj.mp4,REAL
jiscrkliic.mp4,REAL
qawbflilul.mp4,REAL
wwsfqkfkep.mp4,REAL
iofoynuaqe.mp4,REAL
qfhgilfcjj.mp4,REAL
pkumyfdkga.mp4,REAL
pnwjdpjlup.mp4,REAL
bkidieecdg.mp4,REAL
ekvvevzkyu.mp4,REAL
gmkuswweko.mp4,REAL
iutieugpqx.mp4,REAL
tfgjykyhum.mp4,REAL
uprwuohbwx.mp4,REAL
ghutxxwjrs.mp4,REAL
buesukpgjd.mp4,REAL
fwjfbaqaux.mp4,REAL
wrjwqnwiss.mp4,REAL
ompjlvbtmw.mp4,REAL
mclhnurizg.mp4,REAL
qdofrrdnim.mp4,REAL
fjdunxauji.mp4,REAL
nofmjiduph.mp4,REAL
sobblmyurt.mp4,REAL
nufqxmyffp.mp4,REAL
xrhqtmxlvx.mp4,REAL
zuwwbbusgl.mp4,REAL
gnqojufshp.mp4,REAL
sqsaiehvhb.mp4,REAL
dnmowthjcj.mp4,REAL
exxqlfpnbz.mp4,REAL
oqrmyzxvfw.mp4,REAL
ctbonxvats.mp4,REAL
chfkrpvgnz.mp4,REAL
jpxmbjtlsq.mp4,REAL
gzbagbdubm.mp4,REAL
anndvqgoko.mp4,REAL
osqruujwxd.mp4,REAL
xpunzwycxm.mp4,REAL
sgzdnmbopr.mp4,REAL
jfvhokkzmq.mp4,REAL
fuusxfhmrc.mp4,REAL
ewuibihtuo.mp4,REAL
xekyvykhqr.mp4,REAL
pmciwmkszl.mp4,REAL
ldjtsczhoc.mp4,REAL
yrlogqcteq.mp4,REAL
paikwrklxc.mp4,REAL
sqtqgpbsov.mp4,REAL
tgawasvbbr.mp4,REAL
wbjtrlyjsm.mp4,REAL
titvikgntw.mp4,REAL
ukacifecol.mp4,REAL
akrubjfzzc.mp4,REAL
jrrslkdiaf.mp4,REAL
miltxpsvmr.mp4,REAL
bmljrhlhta.mp4,REAL
lfiyoyymnn.mp4,REAL
eykkthrnoy.mp4,REAL
xfrswzqrmn.mp4,REAL
xjzmkuxskq.mp4,REAL
vokrpfjpeb.mp4,REAL
lyukjvgwoa.mp4,REAL
httftywuok.mp4,REAL
jlvqrgqhpw.mp4,REAL
xzhlniwqng.mp4,REAL
wjhpisoeaj.mp4,REAL
lkajvpbztr.mp4,REAL
lezkxyytil.mp4,REAL
sfyjropdvy.mp4,REAL
hcpxaobnjr.mp4,REAL
iweugtdrpv.mp4,REAL
kpltzztlvj.mp4,REAL
uqguyibemu.mp4,REAL
kdzawbgzwb.mp4,REAL
jqrcaawsoe.mp4,REAL
zqdjdmiihu.mp4,REAL
hpdnhefbll.mp4,REAL
ekelfsnqof.mp4,REAL
owidtvgulx.mp4,REAL
ywauoonmlr.mp4,REAL
mlqtepcdhs.mp4,REAL
hplemlikjw.mp4,REAL
aeeigmpocb.mp4,REAL
hbufmvbium.mp4,REAL
bszybpoibo.mp4,REAL
ifvpemzpuf.mp4,REAL
bvsnqubtjc.mp4,REAL
ggjcrroblk.mp4,REAL
cisrxltwyh.mp4,REAL
rmuxlgsedw.mp4,REAL
xrnrtmxfad.mp4,REAL
whrmienink.mp4,REAL
fpqrtbbcpv.mp4,REAL
asvheijspx.mp4,REAL
lurwdsohbu.mp4,REAL
ilvmgunkie.mp4,REAL
glwcmuudzc.mp4,REAL
mbxblocpyw.mp4,REAL
sbfiyomqhy.mp4,REAL
kdbvbybhvz.mp4,REAL
fnhtrjggdb.mp4,REAL
fztpqmvlzp.mp4,REAL
rzgdszqase.mp4,REAL
mueekicuyv.mp4,REAL
przkpfwrmr.mp4,REAL
xzvnnhzbqd.mp4,REAL
jtmsdyckqs.mp4,REAL
clflarcjlk.mp4,REAL
patfknpnyh.mp4,REAL
ptkcmwnfjv.mp4,REAL
bzybxsrwxk.mp4,REAL
vntbyeepdy.mp4,REAL
vlxmqleltz.mp4,REAL
bcjteassyd.mp4,REAL
pvlqsnxkpb.mp4,REAL
pjpklcreot.mp4,REAL
zxiwxpuuce.mp4,REAL
sxryoeigag.mp4,REAL
dwhlwvplsz.mp4,REAL
fkisosebej.mp4,REAL
qlmxnhiwzk.mp4,REAL
cbxaeqakvz.mp4,REAL
btsbqigrcq.mp4,REAL
pupojdyqlw.mp4,REAL
fnudskjmbt.mp4,REAL
lwmufxrefm.mp4,REAL
wixbuuzygv.mp4,REAL
nqtlzuwvqt.mp4,REAL
vtgzzhtqjl.mp4,REAL
hcnvjrbwyb.mp4,REAL
gfjqirgmlo.mp4,REAL
zbgssotnjm.mp4,REAL
nhzzaivpfk.mp4,REAL
obxxxpbbsb.mp4,REAL
xfsqkrfdir.mp4,REAL
opsgvfjlgh.mp4,REAL
odeuhkybmj.mp4,REAL
ybkqykotud.mp4,REAL
pmciczkrmq.mp4,REAL
knmrhhsnqw.mp4,REAL
spyazeqqds.mp4,REAL
svtuluxajn.mp4,REAL
ykgdmawthl.mp4,REAL
tinyzmufap.mp4,REAL
viiltedtog.mp4,REAL
yjqxutyyvi.mp4,REAL
crgcrqxqjw.mp4,REAL
nwvsbmyndn.mp4,REAL
tcquctnaeu.mp4,REAL
mwtamzmmjs.mp4,REAL
eaigdemyfo.mp4,REAL
gmkfzogjlj.mp4,REAL
cqfxgyotpv.mp4,REAL
ghanyvkhnw.mp4,REAL
dmupfdcvca.mp4,REAL
hfzkljkstq.mp4,REAL
ptbtuynmhm.mp4,REAL
mwwploizlj.mp4,REAL
jxrejahpqa.mp4,REAL
arvqnhhwpm.mp4,REAL
horbklyyni.mp4,REAL
kytwyrusew.mp4,REAL
jznfyhhbwv.mp4,REAL
chqqxfuuzi.mp4,REAL
vsnjcgsrlk.mp4,REAL
hmywawbhvc.mp4,REAL
leoicyngqc.mp4,REAL
szhseoemfz.mp4,REAL
dyolakhvvw.mp4,REAL
vcwxdwngnq.mp4,REAL
zwswwwrefl.mp4,REAL
sptefjlzud.mp4,REAL
nqvkiylfiy.mp4,REAL
advzryyfkn.mp4,REAL
syqnnflpjv.mp4,REAL
umrvsrftms.mp4,REAL
cvuiocbcbz.mp4,REAL
rayekvigxv.mp4,REAL
czzfgvkhah.mp4,REAL
tlimufbiog.mp4,REAL
gwvwbbfckb.mp4,REAL
eqgipviesf.mp4,REAL
hsirdisoaf.mp4,REAL
ygyhurweua.mp4,REAL
dpmgoiwhuf.mp4,REAL
gasbzeweme.mp4,REAL
ztuezpjijn.mp4,REAL
nlktemafjx.mp4,REAL
prwsfljdjo.mp4,REAL
rmuyiybkxk.mp4,REAL
wjkullbkff.mp4,REAL
gjasrapdle.mp4,REAL
vdmyzrdarn.mp4,REAL
trpofaspmo.mp4,REAL
abbgqbrdiz.mp4,REAL
qpadalellh.mp4,REAL
sphxantczl.mp4,REAL
ikokogfuzz.mp4,REAL
qnxyrntvsj.mp4,REAL
bixvunsrsj.mp4,REAL
iggixplyqf.mp4,REAL
gvasarkpfh.mp4,REAL
mbdjwoaxcq.mp4,REAL
tkoyswvpjj.mp4,REAL
tzmithsdcj.mp4,REAL
prdrojamhn.mp4,REAL
pxquvkikhd.mp4,REAL
ywpbkpicbt.mp4,REAL
awkvatcshx.mp4,REAL
twgobosowv.mp4,REAL
wolrzmfong.mp4,REAL
qdirksoqim.mp4,REAL
nrnklcxdzq.mp4,REAL
xdyuwpzbyz.mp4,REAL
heprffercd.mp4,REAL
vrdugvoufo.mp4,REAL
ojbnddjuzy.mp4,REAL
odioowlayj.mp4,REAL
jpazwswbjj.mp4,REAL
jawgcggquk.mp4,REAL
zjxeptlacm.mp4,REAL
knqhpwoigk.mp4,REAL
fxtrbrdcgo.mp4,REAL
hjiixnernu.mp4,REAL
matmepwiel.mp4,REAL
dtgbonxukc.mp4,REAL
euwzjauqgi.mp4,REAL
uriohazzqe.mp4,REAL
qjqxfcgsyd.mp4,REAL
pdkaffjxtx.mp4,REAL
uuotyjxvod.mp4,REAL
mqdtlaeqsu.mp4,REAL
blszgmxkvu.mp4,REAL
iocpymnnba.mp4,REAL
whurggewea.mp4,REAL
xhsramepav.mp4,REAL
kvmpmhdxly.mp4,REAL
nxnmkytwze.mp4,REAL
ugjufkwtrc.mp4,REAL
rocmxliauc.mp4,REAL
koiifpthwj.mp4,REAL
anodbxmpne.mp4,REAL
fmhiujydwo.mp4,REAL
jjamkukusv.mp4,REAL
zmxeiipnqb.mp4,REAL
detsnvjgrp.mp4,REAL
owgnqjrscy.mp4,REAL
dkjxtelpyg.mp4,REAL
saormighvs.mp4,REAL
ailmasxkxb.mp4,REAL
bjtbmyfoyq.mp4,REAL
hwaxcxpfxl.mp4,REAL
wkrivltdys.mp4,REAL
gnhbtnojfp.mp4,REAL
shmkfwlhwr.mp4,REAL
atzdjguknk.mp4,REAL
hjhxtcacvv.mp4,REAL
xchzardbfa.mp4,REAL
uotxnsybqe.mp4,REAL
ljauauuyka.mp4,REAL
nzqtvipnoc.mp4,REAL
entdyegoud.mp4,REAL
vajkicalux.mp4,REAL
ixzkhxrmka.mp4,REAL
rlqbowounu.mp4,REAL
hvierltlmq.mp4,REAL
zfrrixsimm.mp4,REAL
rukyxomwcx.mp4,REAL
bckjuzbabv.mp4,REAL
uonwfowmfa.mp4,REAL
mqlnnysqzj.mp4,REAL
uwgcitwggp.mp4,REAL
sttjoqcsec.mp4,REAL
yiwldoyyvv.mp4,REAL
quckfgtghv.mp4,REAL
ouvlzfmqsz.mp4,REAL
xeyceemrzs.mp4,REAL
hzhvexzokl.mp4,REAL
epphrlkqhp.mp4,REAL
pmbqvlqhhl.mp4,REAL
caedadzzml.mp4,REAL
sjkigpouuh.mp4,REAL
mdbohaixtf.mp4,REAL
kezwvsxxzj.mp4,REAL
xhrvrdvpqp.mp4,REAL
qoihghfryp.mp4,REAL
zupatqsmhr.mp4,REAL
ngvvgveogh.mp4,REAL
mkcmhdexey.mp4,REAL
objlrnhyjq.mp4,REAL
kvdnaxkcbz.mp4,REAL
obpqhzvrvf.mp4,REAL
fwekcrqdak.mp4,REAL
cdgveexocr.mp4,REAL
aizcvzaxcj.mp4,REAL
hmnspetjoc.mp4,REAL
dzojiwfvba.mp4,REAL
dskfqergbt.mp4,REAL
lznqagzwyk.mp4,REAL
wudkmejywf.mp4,REAL
ldefkanmkf.mp4,REAL
jgvqoasjoi.mp4,REAL
qianzoqvum.mp4,REAL
xpwzoebyho.mp4,REAL
prdircfvcn.mp4,REAL
fneatzvrsv.mp4,REAL
xexqjemxyq.mp4,REAL
xuvjbhkfqu.mp4,REAL
anznojhdjf.mp4,REAL
pmhqncskwo.mp4,REAL
nzbgohmaja.mp4,REAL
mrgmchwvfk.mp4,REAL
nbdixxfjph.mp4,REAL
gplgurohus.mp4,REAL
wetemidcey.mp4,REAL
bnuwxhfahw.mp4,REAL
ztjfjnenpy.mp4,REAL
iavxqeuuxa.mp4,REAL
wixujncvee.mp4,REAL
cxsvvnxpyz.mp4,REAL
ruhrdhrxud.mp4,REAL
zwhyceyddh.mp4,REAL
wjclipsrpg.mp4,REAL
aqshzvyucn.mp4,REAL
rjgvucvdrq.mp4,REAL
mcchrddyxx.mp4,REAL
csguabnacy.mp4,REAL
gpsxfxrjrr.mp4,REAL
uratvdiptg.mp4,REAL
rmhsahyvta.mp4,REAL
vttclphuxu.mp4,REAL
wuhxicjmkj.mp4,REAL
bwlswdbfwv.mp4,REAL
kepnpratvf.mp4,REAL
vzysajdfrb.mp4,REAL
fneqiqpqvs.mp4,REAL
bmjbamtqwn.mp4,REAL
fszexmwczt.mp4,REAL
flbrvohbvv.mp4,REAL
qrnmvmbqxo.mp4,REAL
penmhaiumk.mp4,REAL
hgqpzhkoua.mp4,REAL
elyogghqnr.mp4,REAL
ezbvvongzk.mp4,REAL
vakcnljnpc.mp4,REAL
dxgnpnowgk.mp4,REAL
ktczmqezyp.mp4,REAL
yfxvjewtjq.mp4,REAL
kyebtgoqdg.mp4,REAL
dsnxgrfdmd.mp4,REAL
ueqxiroiqn.mp4,REAL
fufcmupzen.mp4,REAL
mdlwompdxe.mp4,REAL
nonwqkyict.mp4,REAL
qlmadkjjdp.mp4,REAL
wmoqzxddkb.mp4,REAL
uihudeajwz.mp4,REAL
ayipraspbn.mp4,REAL
cftfpsgzil.mp4,REAL
uffktidjaz.mp4,REAL
mgssylcwny.mp4,REAL
adgveaibmt.mp4,REAL
scpcdzexwo.mp4,REAL
suenouugfr.mp4,REAL
wxgwqnrvmw.mp4,REAL
isebnqykad.mp4,REAL
hntguogkqd.mp4,REAL
rktrpsdlci.mp4,REAL
zdbejgoqzy.mp4,REAL
qhprjamitv.mp4,REAL
prwsdpvgvk.mp4,REAL
torjqecxjw.mp4,REAL
cbipyxvxad.mp4,REAL
hqzuuxfnhx.mp4,REAL
rnpefxwptv.mp4,REAL
pocznsxxuy.mp4,REAL
tnxvpbqxza.mp4,REAL
hvplvgwjzt.mp4,REAL
qywkfrpfii.mp4,REAL
nxipnkaszw.mp4,REAL
objgwnmscm.mp4,REAL
sfqwnoixtm.mp4,REAL
hjjsuvothd.mp4,REAL
ftxkyhpuyp.mp4,REAL
dvtpwatuja.mp4,REAL
pgeromqhwc.mp4,REAL
szftsfmvsb.mp4,REAL
iiwofjbuyu.mp4,REAL
dsxmpdwjjq.mp4,REAL
hierggamuo.mp4,REAL
xajcrzlpft.mp4,REAL
twvdcuwpsu.mp4,REAL
faevxxupes.mp4,REAL
crjvhcpwis.mp4,REAL
xncqpmoabm.mp4,REAL
lxfrifiujz.mp4,REAL
yovkaudkhn.mp4,REAL
lsgtnrwehr.mp4,REAL
qhkzlnzruj.mp4,REAL
qzjfpupvfo.mp4,REAL
zquignrzhj.mp4,REAL
tzablgewui.mp4,REAL
lchkrtyohq.mp4,REAL
csomiogcwu.mp4,REAL
iwrclnpqoc.mp4,REAL
wvxgxcukbb.mp4,REAL
vtcrsoekze.mp4,REAL
usxwvvhtih.mp4,REAL
wqdsarmger.mp4,REAL
eerhmzaebh.mp4,REAL
rxlnbvevtr.mp4,REAL
dbskpnukgs.mp4,REAL
mwnibuujwz.mp4,REAL
kvqhkpkbwd.mp4,REAL
hdckzcdbxi.mp4,REAL
dtgyycbylg.mp4,REAL
bkbadpwpwa.mp4,REAL
ipryudzonr.mp4,REAL
jokemukffb.mp4,REAL
uwbpcdtmlb.mp4,REAL
vwddtkosep.mp4,REAL
fglewmddcn.mp4,REAL
aqzbhxohjk.mp4,REAL
johuaietaz.mp4,REAL
gpzlnnljhn.mp4,REAL
xlgzsipnhf.mp4,REAL
elsxqxzbtk.mp4,REAL
obifapcvef.mp4,REAL
xpxqxdbjud.mp4,REAL
clbyiyqits.mp4,REAL
nnqfwqrcov.mp4,REAL
kpxymrpgxe.mp4,REAL
wbhobkjdfp.mp4,REAL
gvpqgtsuyh.mp4,REAL
egkaufznwj.mp4,REAL
nycmyuzpml.mp4,REAL
ibcmyzqrdn.mp4,REAL
vmktcesfcg.mp4,REAL
gfgcwxkbjd.mp4,REAL
sprtqpixpt.mp4,REAL
ocsnhldayx.mp4,REAL
frgzynfdxp.mp4,REAL
zdyckloybc.mp4,REAL
mlfbccdtoy.mp4,REAL
fgxotqcyqh.mp4,REAL
xppjhsqnnm.mp4,REAL
ypmgblojth.mp4,REAL
nauoqhhash.mp4,REAL
crxnkfunvm.mp4,REAL
xjzkfqddyk.mp4,REAL
jpghekbgdy.mp4,REAL
fsoanljfmx.mp4,REAL
ofdhwdwvqb.mp4,REAL
otwrzyhfmy.mp4,REAL
ytoqfjghfw.mp4,REAL
kjorkudgro.mp4,REAL
fqbndyrupa.mp4,REAL
pnzjahgfcj.mp4,REAL
xgscdzbugy.mp4,REAL
inxvgjgrrq.mp4,REAL
mxxwxzeqib.mp4,REAL
xebhvbcoxc.mp4,REAL
qclpbcbgeq.mp4,REAL
ncdzufmnhc.mp4,REAL
muxejwktkc.mp4,REAL
fksksiyyty.mp4,REAL
mcctwqjerd.mp4,REAL
navoiyfxpr.mp4,REAL
vjsvdnnrck.mp4,REAL
adkymkuove.mp4,REAL
euoudlinep.mp4,REAL
geezrhjaml.mp4,REAL
onbgbghesu.mp4,REAL
nsrbvbkpfr.mp4,REAL
nlqyedaokg.mp4,REAL
ymkojzsvxz.mp4,REAL
uzlkfyluxj.mp4,REAL
ylwljpzqhq.mp4,REAL
ljzgbkcvgi.mp4,REAL
uuqrzdhjuh.mp4,REAL
qqnlrngaft.mp4,REAL
jswunuyhcq.mp4,REAL
qzjpcshjjr.mp4,REAL
ibdeoiczoh.mp4,REAL
fnkdkfajak.mp4,REAL
bzbgfksqiq.mp4,REAL
vgxfdvtnic.mp4,REAL
bqiztwtgcu.mp4,REAL
gwhirvvovr.mp4,REAL
luiqqsfzgz.mp4,REAL
titmflflrv.mp4,REAL
wjxmmjmchv.mp4,REAL
upmgtackuf.mp4,REAL
ocfiyleaic.mp4,REAL
zyvafancxz.mp4,REAL
yusjuhoblj.mp4,REAL
wrgflmpxpi.mp4,REAL
dkntaifhkt.mp4,REAL
nswtvttxre.mp4,REAL
jlpzyrhwik.mp4,REAL
hzlfdbtbau.mp4,REAL
tbwmfvprzy.mp4,REAL
zwtmeatpkq.mp4,REAL
gochxzemmq.mp4,REAL
pqdeutauqc.mp4,REAL
nfimdsszyf.mp4,REAL
juuxucpukk.mp4,REAL
vekuanlmlt.mp4,REAL
dasefuclrs.mp4,REAL
pxvjtyewfr.mp4,REAL
rmpvriplny.mp4,REAL
ckoletpkpg.mp4,REAL
stcuuehqbq.mp4,REAL
dxzccjuqnz.mp4,REAL
jtjeyowlxq.mp4,REAL
jyxdpfccde.mp4,REAL
zejwzdeabv.mp4,REAL
ezuyqnjbwb.mp4,REAL
lmdjukzovh.mp4,REAL
leospsirmn.mp4,REAL
phvzvwsxtx.mp4,REAL
jgrdzsjsqn.mp4,REAL
fsaronfupy.mp4,REAL
kqzorxfcim.mp4,REAL
osnazdhulb.mp4,REAL
tohrqjyter.mp4,REAL
evtejfbbal.mp4,REAL
wbsedosftd.mp4,REAL
zgsolhunip.mp4,REAL
bhbdbhcqlh.mp4,REAL
mocynzouym.mp4,REAL
auoervelwm.mp4,REAL
tomunwedej.mp4,REAL
fntpvkeksp.mp4,REAL
nmdzujhjid.mp4,REAL
ddtbarpcgo.mp4,REAL
xjaamriopq.mp4,REAL
frwpjswdnr.mp4,REAL
jqqpgsorcl.mp4,REAL
puylpqprqd.mp4,REAL
lcdrsvfquk.mp4,REAL
sahwxlbrmg.mp4,REAL
qjdtgggqym.mp4,REAL
aqfytexxbl.mp4,REAL
ijhhztmidr.mp4,REAL
mnrnptdpec.mp4,REAL
xoiyevqols.mp4,REAL
nyfqdjrcxr.mp4,REAL
kyitsyzrme.mp4,REAL
cnpanmywno.mp4,REAL
iorbtaarte.mp4,REAL
wdzefhhcwt.mp4,REAL
zzmgnglanj.mp4,REAL
comqkwjrft.mp4,REAL
elackxuccp.mp4,REAL
pctpdjneks.mp4,REAL
txnmkabufs.mp4,REAL
kucosddfoi.mp4,REAL
drywmgvslp.mp4,REAL
domsajovzs.mp4,REAL
lcvwsdrhzh.mp4,REAL
ufkgroaxik.mp4,REAL
znsntylmoo.mp4,REAL
ndxodmkaia.mp4,REAL
ruhtnngrqv.mp4,REAL
ttgaikzvix.mp4,REAL
mbmiuwgixg.mp4,REAL
mqmfuzsrnt.mp4,REAL
ychnzdjprp.mp4,REAL
rtrnpctaug.mp4,REAL
jkxrjgnksq.mp4,REAL
nopjjvwwrg.mp4,REAL
pjibpowymk.mp4,REAL
wediirbvdv.mp4,REAL
qeopftwnwe.mp4,REAL
kevklcbpvi.mp4,REAL
nmusooihlb.mp4,REAL
qmbihytemw.mp4,REAL
xlzhzudnny.mp4,REAL
vssmlqoiti.mp4,REAL
tsswxgwnta.mp4,REAL
rozrjmrmeo.mp4,REAL
sqxseogvrh.mp4,REAL
crzvmqszan.mp4,REAL
rtcnwhskkw.mp4,REAL
ybrgaiveux.mp4,REAL
tfptxfvcqs.mp4,REAL
rzljiqidhj.mp4,REAL
dpevefkefv.mp4,REAL
hagwpqirru.mp4,REAL
fizjrtkrbk.mp4,REAL
ittzgzsjhw.mp4,REAL
yieptjmvhm.mp4,REAL
rfukeoxpqu.mp4,REAL
nmjsymvggu.mp4,REAL
hgqqwuqrlm.mp4,REAL
ljuuovfkgi.mp4,REAL
adohdulfwb.mp4,REAL
xebotqrsyd.mp4,REAL
wqsveixiyo.mp4,REAL
mmwaomsqbo.mp4,REAL
bfdopzvxbi.mp4,REAL
hmugoovuhr.mp4,REAL
uvrzaczrbx.mp4,REAL
ekvwecwltj.mp4,REAL
xsxdnmzawz.mp4,REAL
dxdboiwhoo.mp4,REAL
skkzgucmdv.mp4,REAL
fwykevubzy.mp4,REAL
zwxefbpfee.mp4,REAL
dtvlwkzhwb.mp4,REAL
znytebsgjb.mp4,REAL
cuafoggwku.mp4,REAL
hvwgiotrdg.mp4,REAL
gahgyuwzbu.mp4,REAL
togfsvdkax.mp4,REAL
djmyetudka.mp4,REAL
abzdxpmmdb.mp4,REAL
edggkddtuv.mp4,REAL
zohoemsvxx.mp4,REAL
drjkkdbcvc.mp4,REAL
mgqlxlnize.mp4,REAL
nwhleyjguj.mp4,REAL
mevjvsgbmk.mp4,REAL
novarhxpbj.mp4,REAL
blkbkvcffn.mp4,REAL
wwfehhmmhl.mp4,REAL
auubycdueq.mp4,REAL
bfjsthfhbd.mp4,REAL
igpvrfjdzc.mp4,REAL
wffvntfpfy.mp4,REAL
mrkwwadnqs.mp4,REAL
rhlbxcznio.mp4,REAL
mfyqcmjhln.mp4,REAL
dajebuxaez.mp4,REAL
orkccpsdba.mp4,REAL
qfhmrgssju.mp4,REAL
pyttfccelg.mp4,REAL
hiadoidirz.mp4,REAL
kbulxcnrhd.mp4,REAL
lnfmifgbde.mp4,REAL
jlzckbmrbw.mp4,REAL
hhhvnhhqsc.mp4,REAL
eyguqfmgzh.mp4,REAL
ggxvpmqrar.mp4,REAL
imlfgbdpuj.mp4,REAL
zozjzdrvtp.mp4,REAL
hchiymmdqm.mp4,REAL
yvkuususfu.mp4,REAL
bnhejkbtyq.mp4,REAL
rkwlvcnevt.mp4,REAL
oojxonbgow.mp4,REAL
pdgzsvxvht.mp4,REAL
sbmlekhkao.mp4,REAL
yhjlnisfel.mp4,REAL
bzjihidtqo.mp4,REAL
vbfjlcuswe.mp4,REAL
gvlvrhgndw.mp4,REAL
nthpnwylxo.mp4,REAL
aymwgrmlbt.mp4,REAL
xsgmwwbeib.mp4,REAL
iyrafvzjnf.mp4,REAL
sfsayjgzrh.mp4,REAL
frvciqvzsc.mp4,REAL
nmrfqmhabc.mp4,REAL
wwqptmclnt.mp4,REAL
hzxufkpwhg.mp4,REAL
wnovcuyuqi.mp4,REAL
spsevdcrnu.mp4,REAL
dmwmhxvlfq.mp4,REAL
zzpbsapyyf.mp4,REAL
zhplmoxofo.mp4,REAL
ejllqmhnyt.mp4,REAL
wwcowbnwms.mp4,REAL
mvyruzyska.mp4,REAL
baxkmsihqv.mp4,REAL
ovxqacozqb.mp4,REAL
wfzjxzhdkj.mp4,REAL
pwwrycbwku.mp4,REAL
imbhofyohf.mp4,REAL
nduwcnqkvy.mp4,REAL
apvzjkvnwn.mp4,REAL
ihfrmdxlid.mp4,REAL
wwkraoiksx.mp4,REAL
yvgnaxkajm.mp4,REAL
ocozccwdhg.mp4,REAL
ekwfirmggp.mp4,REAL
cbgerjhdzy.mp4,REAL
lxswrmqcpw.mp4,REAL
ihgazewlbd.mp4,REAL
ojgetwmygj.mp4,REAL
rbhecseopz.mp4,REAL
dofnhnvaxq.mp4,REAL
rewagripxi.mp4,REAL
wmdnqpfcey.mp4,REAL
hajgwuytzh.mp4,REAL
slxtreuuzd.mp4,REAL
srfefmyjvt.mp4,REAL
noonwrxiwg.mp4,REAL
kaozdubluo.mp4,REAL
kqwflqwnfm.mp4,REAL
ihglzxzroo.mp4,REAL
byqugsmtxr.mp4,REAL
bqruljgfil.mp4,REAL
bojpmzyjzd.mp4,REAL
gbensgskzr.mp4,REAL
slfwxkmdgo.mp4,REAL
kilioqxnmq.mp4,REAL
chohzofpsz.mp4,REAL
junllgghcq.mp4,REAL
hexyjykhvk.mp4,REAL
ejwxolkwsr.mp4,REAL
hjhdhumvod.mp4,REAL
jncghwmmpf.mp4,REAL
uufozqkfkf.mp4,REAL
nkqahghhxx.mp4,REAL
woewmsbgot.mp4,REAL
roeecmiguh.mp4,REAL
ossoqigdyf.mp4,REAL
avpxuvplbn.mp4,REAL
cmgotitvig.mp4,REAL
omphqltjdd.mp4,REAL
lzbmwwejxb.mp4,REAL
cqbfayfpqx.mp4,REAL
ppmamjdpzw.mp4,REAL
fhhpgvcqoh.mp4,REAL
hhqcircgmf.mp4,REAL
ncmpqwmnzb.mp4,REAL
udhrjqdycg.mp4,REAL
brwnebfnea.mp4,REAL
czfqlbcfpa.mp4,REAL
mppjpwwcom.mp4,REAL
eklsrnkwog.mp4,REAL
bqbnuvouqp.mp4,REAL
mxlipjhmqk.mp4,REAL
kerpokjmkf.mp4,REAL
yiluzssiis.mp4,REAL
coyzuzluob.mp4,REAL
kapzkxdgqb.mp4,REAL
mguicjhxmq.mp4,REAL
pdswwyyntw.mp4,REAL
fnaajvgmwt.mp4,REAL
wjbonjacrq.mp4,REAL
kcwrqqzvsy.mp4,REAL
dobyrqmayi.mp4,REAL
fnlqhlbltj.mp4,REAL
tfqrimpcfz.mp4,REAL
khhsdtspvv.mp4,REAL
qyxlicusfv.mp4,REAL
usqwjtjrjg.mp4,REAL
lujvyveojc.mp4,REAL
gwmlawcreb.mp4,REAL
kmyrnchata.mp4,REAL
jdnwqgdcgd.mp4,REAL
pgvkkpnfrg.mp4,REAL
todvzqzwit.mp4,REAL
awjizuuwtg.mp4,REAL
cczcxkrrnj.mp4,REAL
igzvunospk.mp4,REAL
peysyddtmp.mp4,REAL
jjgcpugjwy.mp4,REAL
joxiekwyhw.mp4,REAL
cfgotyucqv.mp4,REAL
iedsgxqfuz.mp4,REAL
sodvtfqbpf.mp4,REAL
vjokxcywyt.mp4,REAL
ouaowjmigq.mp4,REAL
wqewxnshij.mp4,REAL
rrwdacnzcd.mp4,REAL
papoalwbmv.mp4,REAL
llagpqxcma.mp4,REAL
eonxnugdvo.mp4,REAL
ieycmlnprv.mp4,REAL
ntddufonlu.mp4,REAL
vbepzdvgku.mp4,REAL
fjxovgmwnm.mp4,REAL
xgpicdcbrc.mp4,REAL
biyldyzclj.mp4,REAL
gdhtrbgmql.mp4,REAL
zwaxouvabs.mp4,REAL
xugbywbvgv.mp4,REAL
lbgnipxpnx.mp4,REAL
piyckbokjg.mp4,REAL
qlzfgzyuly.mp4,REAL
mulzcbwjni.mp4,REAL
iovykwzdjv.mp4,REAL
fhonpnpnls.mp4,REAL
crnbqgwbmt.mp4,REAL
xttwbloiwj.mp4,REAL
acgzblwsgw.mp4,REAL
xxmdknsonl.mp4,REAL
qotqjzqlnr.mp4,REAL
cxxgfpikji.mp4,REAL
dkkvcedpkn.mp4,REAL
cosghhimnd.mp4,REAL
iqtojehgyl.mp4,REAL
yvqbiivsrs.mp4,REAL
rumxbqgmld.mp4,REAL
yryscwqjbf.mp4,REAL
ttaawifovj.mp4,REAL
fwiyjcfwta.mp4,REAL
fmztdticln.mp4,REAL
hddvofqapm.mp4,REAL
ejdavxgdsf.mp4,REAL
gbwbyxszjl.mp4,REAL
nywoptxkwu.mp4,REAL
tbiyacqeew.mp4,REAL
gxbkcxyfjm.mp4,REAL
fxpjhpdfzd.mp4,REAL
lsmnqsnqld.mp4,REAL
dxfdovivlw.mp4,REAL
njrcaurral.mp4,REAL
pllyywolvy.mp4,REAL
zvmdzpupbp.mp4,REAL
pmkolnffvt.mp4,REAL
sufwnxoxug.mp4,REAL
nvqiursmbh.mp4,REAL
zilqucorio.mp4,REAL
spcjqcmwri.mp4,REAL
bcajvxttuv.mp4,REAL
hicjuubiau.mp4,REAL
offktoxbmq.mp4,REAL
afxtastwkm.mp4,REAL
zldzgyuxam.mp4,REAL
pmsdftutgm.mp4,REAL
tznkzweueh.mp4,REAL
waucvvmtkq.mp4,REAL
frrkzgjapb.mp4,REAL
ngvcqxjhyb.mp4,REAL
nsqssmxbuk.mp4,REAL
wfmxpuzxwe.mp4,REAL
bjpnibwoid.mp4,REAL
iarobzzslu.mp4,REAL
brqcongpqi.mp4,REAL
lkppttaxoq.mp4,REAL
vhsbatxysm.mp4,REAL
aokxvqadsx.mp4,REAL
wynotylpnm.mp4,REAL
wilyayimlj.mp4,REAL
oefukgnvel.mp4,REAL
jbaqarlltp.mp4,REAL
ulbqxiejgi.mp4,REAL
jmmrrmjjhc.mp4,REAL
uofwyzsldm.mp4,REAL
jbpxyyacyj.mp4,REAL
fndhijmzqg.mp4,REAL
ioitqcvyuk.mp4,REAL
bkcyglmfci.mp4,REAL
rdpumvchul.mp4,REAL
yexeazbqig.mp4,REAL
zxacihctqp.mp4,REAL
keyngrgpvp.mp4,REAL
sxekjjvfkh.mp4,REAL
tqzemlqluj.mp4,REAL
pswxwumwvb.mp4,REAL
ihwwpkzcdn.mp4,REAL
nbbxssrkhg.mp4,REAL
prbizkjaze.mp4,REAL
yljecirelf.mp4,REAL
tejfudfgpq.mp4,REAL
koowljkerd.mp4,REAL
giqncczwue.mp4,REAL
vtfzsqhfxt.mp4,REAL
lcfikdgtrl.mp4,REAL
scqcdvqiyq.mp4,REAL
xezkldtvhk.mp4,REAL
rsalptpmrc.mp4,REAL
sayyjwtjol.mp4,REAL
ciyqhbpbry.mp4,REAL
gbvravevjt.mp4,REAL
nanyjxjvlq.mp4,REAL
fskjykudzw.mp4,REAL
frqfsucgao.mp4,REAL
uyddeofvvz.mp4,REAL
kvsndnymhm.mp4,REAL
olqshoikjs.mp4,REAL
uyauzwkvpz.mp4,REAL
lkfoelyxpq.mp4,REAL
mivamcdkfj.mp4,REAL
snijmzqzux.mp4,REAL
eiwtggvtfp.mp4,REAL
jpnothtwkv.mp4,REAL
klmaeumvul.mp4,REAL
yokjmkzsbx.mp4,REAL
onanqtsdjk.mp4,REAL
phtwqvezao.mp4,REAL
aikmehbtbm.mp4,REAL
ugskjblnmu.mp4,REAL
gefwxtpjiz.mp4,REAL
rrlcbhagil.mp4,REAL
azlybpzqln.mp4,REAL
sekwncgkzc.mp4,REAL
vqktsvqfdj.mp4,REAL
duufrtgxtq.mp4,REAL
vutkspfojq.mp4,REAL
nfozzfizpn.mp4,REAL
qethauxnwk.mp4,REAL
gsxmjjhtft.mp4,REAL
bgebgmkxyc.mp4,REAL
bvpeerislp.mp4,REAL
qrssrcmzzq.mp4,REAL
nfqpnrwvep.mp4,REAL
aajsqyyjni.mp4,REAL
spzmqugvtn.mp4,REAL
qlccwtarer.mp4,REAL
boobpetndu.mp4,REAL
mdsbvwfcwf.mp4,REAL
ttxuegkaew.mp4,REAL
eynxajczkd.mp4,REAL
xkokkanfcj.mp4,REAL
exseruhiuk.mp4,REAL
elxelcwfkc.mp4,REAL
yismsygbtj.mp4,REAL
cekarydqba.mp4,REAL
hmnkjimojl.mp4,REAL
aljzaalpym.mp4,REAL
hvnhuymltm.mp4,REAL
nnfwfojmri.mp4,REAL
xkrrmawgaz.mp4,REAL
eitfpxnzwo.mp4,REAL
uzhbwfpoqz.mp4,REAL
lgvpvxzbje.mp4,REAL
elxlnjzmzi.mp4,REAL
oovaksexmh.mp4,REAL
sppyyoqaey.mp4,REAL
qhwndxvxrl.mp4,REAL
xrdopedqcu.mp4,REAL
iubklilvdl.mp4,REAL
ukezkomunq.mp4,REAL
oggtplowfa.mp4,REAL
jvkjkrdeok.mp4,REAL
fqvaalcdae.mp4,REAL
rxfmyrgkti.mp4,REAL
ryggmbhrmc.mp4,REAL
ifvbwbcnyj.mp4,REAL
aezagrnzdz.mp4,REAL
zlxfqidduw.mp4,REAL
ebuebnxpdq.mp4,REAL
feubajatmw.mp4,REAL
hfkllixxkr.mp4,REAL
znvdxgaoay.mp4,REAL
dardkjawbf.mp4,REAL
jcsqrhfgso.mp4,REAL
jegaokdbdb.mp4,REAL
uuniyowdis.mp4,REAL
dihuyqyqps.mp4,REAL
nwjazksytp.mp4,REAL
bgycggxsky.mp4,REAL
xowmjjuavg.mp4,REAL
dpeehtnctk.mp4,REAL
loxagpgfei.mp4,REAL
uyfdoedjoj.mp4,REAL
lkwtqysqwr.mp4,REAL
zttbanncxn.mp4,REAL
aayfryxljh.mp4,REAL
dmegwsvycz.mp4,REAL
knkhspjotx.mp4,REAL
lbaqljuzgt.mp4,REAL
qziphesclu.mp4,REAL
btovwozcsm.mp4,REAL
fcfwzjbllp.mp4,REAL
qgrqnyiinn.mp4,REAL
tjmgpqjnla.mp4,REAL
cawpdvymcp.mp4,REAL
tectojecvs.mp4,REAL
nweufafotd.mp4,REAL
ayfohzyelj.mp4,REAL
oildclpnpu.mp4,REAL
tsvhwitvah.mp4,REAL
jcvihxcuyc.mp4,REAL
gvuvdhzcqu.mp4,REAL
qooxnxqqjb.mp4,REAL
ldsunxtchf.mp4,REAL
bqfbhkinte.mp4,REAL
vtunvalyji.mp4,REAL
vtkyppsmdx.mp4,REAL
yihodfxbqj.mp4,REAL
mlapkogbzz.mp4,REAL
nnrndpakpn.mp4,REAL
fhioksfycd.mp4,REAL
cavwtpmmbr.mp4,REAL
cxobtfqqqo.mp4,REAL
lhpkjgtikn.mp4,REAL
kxtlzlwfsa.mp4,REAL
owaxsjkxxe.mp4,REAL
pijwznrtjh.mp4,REAL
ncmtepztza.mp4,REAL
mugpedpwbl.mp4,REAL
hevcclcklc.mp4,REAL
xqfvnauoid.mp4,REAL
jvtrffcjuh.mp4,REAL
pgybuuxxip.mp4,REAL
zbqlzhirna.mp4,REAL
qmwqnrhhyl.mp4,REAL
mpjiuzojzc.mp4,REAL
mkxzfysiua.mp4,REAL
uugkcetjxj.mp4,REAL
apeftlgrqg.mp4,REAL
fpevfidstw.mp4,REAL
bwavwszqqa.mp4,REAL
whffswfpqp.mp4,REAL
feihhdwmcu.mp4,REAL
jmqmljznhv.mp4,REAL
xrxzalqmrz.mp4,REAL
ymfrgnrvfw.mp4,REAL
txljinhqzx.mp4,REAL
vxoaanowge.mp4,REAL
zqibqemsix.mp4,REAL
jkonwkrhqp.mp4,REAL
soiiwyzmfe.mp4,REAL
vzsbpfzmpr.mp4,REAL
tfivpvandt.mp4,REAL
ehtmhdbslm.mp4,REAL
uulabkvfns.mp4,REAL
xcruhaccxc.mp4,REAL
eyscmmobpw.mp4,REAL
noozhkzkru.mp4,REAL
iomrpnpqyn.mp4,REAL
bzzcuuntfd.mp4,REAL
nxosnovbjl.mp4,REAL
kuoraiutvy.mp4,REAL
uztttikeuj.mp4,REAL
uunealgwvj.mp4,REAL
epdncpntwx.mp4,REAL
iuatfdhkya.mp4,REAL
ztdtnirdhh.mp4,REAL
hsbwhlolsn.mp4,REAL
hepjjlvper.mp4,REAL
xemhvuvgrn.mp4,REAL
tcsddvsewk.mp4,REAL
ywtpmkuseg.mp4,REAL
uxhmnhoege.mp4,REAL
kguzqxckys.mp4,REAL
iqqckuassu.mp4,REAL
sewkrjtill.mp4,REAL
nmmzvnlgek.mp4,REAL
qwdktilbrk.mp4,REAL
krxbkladav.mp4,REAL
mzhigmfuby.mp4,REAL
wqysrieiqu.mp4,REAL
wiaiztlfzg.mp4,REAL
lmbahomxft.mp4,REAL
iumybqkbzt.mp4,REAL
zfnbkyefuh.mp4,REAL
yrkcwbsofn.mp4,REAL
mzbsxfndjp.mp4,REAL
plukixxapg.mp4,REAL
vipkguihza.mp4,REAL
qabreprhxg.mp4,REAL
pxrhjlzird.mp4,REAL
brlraaempq.mp4,REAL
nojgizgrbw.mp4,REAL
lmpgsfasor.mp4,REAL
qwbpqfsdwy.mp4,REAL
uvxbqscnab.mp4,REAL
yiykshcbaz.mp4,REAL
bbkwwrlwpb.mp4,REAL
ypbtpunjvm.mp4,REAL
udfmguouqh.mp4,REAL
ldtgofdaqg.mp4,REAL
zzhtdtgdur.mp4,REAL
bxqmfgdlul.mp4,REAL
opzchpdtfl.mp4,REAL
gsshxchgqv.mp4,REAL
gevbsktxjk.mp4,REAL
almnilnfyu.mp4,REAL
wmatrirlng.mp4,REAL
hdrhwqbytu.mp4,REAL
iksxzpqxzi.mp4,REAL
rstlwzctdt.mp4,REAL
fvcnftvtjv.mp4,REAL
ucwwycqpeu.mp4,REAL
ucgzjcoxyo.mp4,REAL
cefzoeryat.mp4,REAL
papagllumt.mp4,REAL
oecgmnxbjv.mp4,REAL
vgqnfhsxxs.mp4,REAL
ijvprklcmz.mp4,REAL
ewkakfpqmw.mp4,REAL
arrprgeura.mp4,REAL
sqladvmecy.mp4,REAL
wiqdiiskbi.mp4,REAL
qjeovxqskj.mp4,REAL
tsvbsrtcom.mp4,REAL
rpcueyycgm.mp4,REAL
rfahyynkuf.mp4,REAL
eomsfwykap.mp4,REAL
ebpcpykogz.mp4,REAL
rgegpilfvx.mp4,REAL
sitvymbvfh.mp4,REAL
hkplvhwibp.mp4,REAL
fimhhyetym.mp4,REAL
pcemgkfqgn.mp4,REAL
ufiwltnbqn.mp4,REAL
vrjrxtofbx.mp4,REAL
vdwxhqsypv.mp4,REAL
fratowhttl.mp4,REAL
rdwavfndgq.mp4,REAL
amflyomuqj.mp4,REAL
rgwenetndf.mp4,REAL
olzjecehcq.mp4,REAL
pvrncpaovg.mp4,REAL
dvwpvqdflx.mp4,REAL
bhgjhzlage.mp4,REAL
nsfnxqvgxn.mp4,REAL
gbhaewrojh.mp4,REAL
mttjelpgma.mp4,REAL
ktrkpmnnlg.mp4,REAL
wadvzjhwtw.mp4,REAL
goegdmmyxk.mp4,REAL
khsvrymllj.mp4,REAL
fxeuoygimr.mp4,REAL
lmgbrxnyjk.mp4,REAL
rhqpxohjlk.mp4,REAL
doniqevxeg.mp4,REAL
uakcetqnvc.mp4,REAL
vjenypjkzt.mp4,REAL
pzdsiytket.mp4,REAL
ueqbcbqpep.mp4,REAL
yhaahxnbcv.mp4,REAL
ezllcntwvv.mp4,REAL
epinsihsxf.mp4,REAL
rmgyrtrhso.mp4,REAL
tjmppqyqzc.mp4,REAL
fvojjtkkdy.mp4,REAL
gqauayeamb.mp4,REAL
dbnrpkiwjx.mp4,REAL
xkblnsntnr.mp4,REAL
ubarhvreoj.mp4,REAL
btdxnajogv.mp4,REAL
ebxeniwdgc.mp4,REAL
aqmydibivi.mp4,REAL
akdaowzvvw.mp4,REAL
qnntfbdyqq.mp4,REAL
shehvyhzsd.mp4,REAL
osnuxyotnv.mp4,REAL
ncoetisvvx.mp4,REAL
tjbqbxpelz.mp4,REAL
awqlgqazkz.mp4,REAL
vbyjwspnie.mp4,REAL
hrtarlzjqi.mp4,REAL
rcqcattfsu.mp4,REAL
zdhmhvkvqf.mp4,REAL
rutwnoagbl.mp4,REAL
jhmliugwqq.mp4,REAL
ocgdbrgmtq.mp4,REAL
tesqddrvcp.mp4,REAL
cqvrufiicc.mp4,REAL
ilqwcbprqa.mp4,REAL
byahwgvhmf.mp4,REAL
jyoxdvxpza.mp4,REAL
ndfbaxlseo.mp4,REAL
ieuxohfweg.mp4,REAL
dtfqodmape.mp4,REAL
ebqceovwpd.mp4,REAL
jbdmfjnsup.mp4,REAL
cugumlyhiu.mp4,REAL
udeqznwkle.mp4,REAL
psjfwjzrrh.mp4,REAL
sjizkayscq.mp4,REAL
kbczekotya.mp4,REAL
gyluavwkij.mp4,REAL
hrifyziwgp.mp4,REAL
yqwcvpjeuw.mp4,REAL
jnppybytup.mp4,REAL
rmlzgerevr.mp4,REAL
nlbeldnhpa.mp4,REAL
rrsczkvqso.mp4,REAL
qknnpddobj.mp4,REAL
mdgbfnyoys.mp4,REAL
qnzffjwxxy.mp4,REAL
duhcgqzgic.mp4,REAL
dxmqsnzlbh.mp4,REAL
bieuiqiqwj.mp4,REAL
bcpsomlspv.mp4,REAL
engsjjoxfe.mp4,REAL
bwyxdrzifm.mp4,FAKE
bcqeebkqwp.mp4,FAKE
cluedbizkn.mp4,FAKE
dpaxfhgmyr.mp4,FAKE
bqlgvoexky.mp4,FAKE
cchjntpryf.mp4,FAKE
bkzjlbokrx.mp4,FAKE
appyopevdd.mp4,FAKE
bpmqlfquqd.mp4,FAKE
emxknhlufj.mp4,FAKE
anhfrtswmh.mp4,FAKE
cisfilzzrp.mp4,FAKE
crvjayqqcl.mp4,FAKE
borwxlaoje.mp4,FAKE
aqcqygyoae.mp4,FAKE
axrsphinge.mp4,FAKE
cvzybqmrvo.mp4,FAKE
bpttffvedn.mp4,FAKE
condbpyazo.mp4,FAKE
dlpvnxljzj.mp4,FAKE
deylwmxabw.mp4,FAKE
bxctteujhv.mp4,FAKE
bcgnzohdlw.mp4,FAKE
apnwnfjyfy.mp4,FAKE
cpxedkyytp.mp4,FAKE
chcdlbscoh.mp4,FAKE
afouwfpdkd.mp4,FAKE
bwmnobzril.mp4,FAKE
bygtwucggu.mp4,FAKE
atcnenknyb.mp4,FAKE
djrsjqtvry.mp4,FAKE
dbiuxvqhrt.mp4,FAKE
binribybof.mp4,FAKE
ehccxkudjh.mp4,FAKE
crbxbmyldj.mp4,FAKE
amkqhexhou.mp4,FAKE
bjqsyskiyq.mp4,FAKE
bhtrhmtfvu.mp4,FAKE
afnxnrrqsj.mp4,FAKE
ajmuljcfkb.mp4,FAKE
dkjbpakqzz.mp4,FAKE
chprhivkyt.mp4,FAKE
cioizeilvz.mp4,FAKE
dzjswiqnmm.mp4,FAKE
djlpswbquk.mp4,FAKE
bwsytelwkm.mp4,FAKE
awgnijixvk.mp4,FAKE
awmatnckri.mp4,FAKE
dtcemctlvr.mp4,FAKE
agdqwwrorz.mp4,FAKE
cugqzibkas.mp4,FAKE
bnknqangbc.mp4,FAKE
eezvdezfmk.mp4,FAKE
cjgmkgfhnr.mp4,FAKE
chwfrnpqbp.mp4,FAKE
apyrdjelvu.mp4,FAKE
dkdwrocolx.mp4,FAKE
dgzrkiuhre.mp4,FAKE
dskavhjysn.mp4,FAKE
atsvznzksa.mp4,FAKE
cmqryxvrjs.mp4,FAKE
bynghiuoeh.mp4,FAKE
dontjoarqe.mp4,FAKE
ccpydpqsam.mp4,FAKE
bkbnfigppd.mp4,FAKE
dhtnlcuwwr.mp4,FAKE
dxhacwtgxn.mp4,FAKE
dsfosjtnho.mp4,FAKE
eppywcdkcs.mp4,FAKE
bdqshjkpxd.mp4,FAKE
awfddrmdst.mp4,FAKE
dkphahwdrr.mp4,FAKE
dhogryadgy.mp4,FAKE
daygtjhalq.mp4,FAKE
abgunexqlc.mp4,FAKE
bnthvgevmy.mp4,FAKE
byrflccwdf.mp4,FAKE
cwhvshlzzh.mp4,FAKE
dfgjncxkio.mp4,FAKE
cekuytiohq.mp4,FAKE
anlrxdxsel.mp4,FAKE
cxsqjzyauw.mp4,FAKE
aptqllaawb.mp4,FAKE
cquygcocfz.mp4,FAKE
blncrpznaa.mp4,FAKE
assnxglavo.mp4,FAKE
coayfxnsgw.mp4,FAKE
agilfnldve.mp4,FAKE
bithritjse.mp4,FAKE
btydshktss.mp4,FAKE
eescbdtoom.mp4,FAKE
drapfnscij.mp4,FAKE
ctjgmxfaxe.mp4,FAKE
dbrzclhznh.mp4,FAKE
dawsozqnoy.mp4,FAKE
atlndbikhv.mp4,FAKE
aicezwkwgl.mp4,FAKE
ccbfcnkwxa.mp4,FAKE
buwlbeygpx.mp4,FAKE
dokclgqjgu.mp4,FAKE
bdfswhbxlh.mp4,FAKE
dwczogpery.mp4,FAKE
dfzupullbn.mp4,FAKE
dhpbcfmalj.mp4,FAKE
bykuvjnkuf.mp4,FAKE
amwjdtnprx.mp4,FAKE
arudlrbjsm.mp4,FAKE
abhqmggsqu.mp4,FAKE
bqxafndwgr.mp4,FAKE
bavaszoflz.mp4,FAKE
craslvtlfq.mp4,FAKE
aofrdmqnya.mp4,FAKE
bmtvkrvubb.mp4,FAKE
ctsoiluvvz.mp4,FAKE
cphtzishek.mp4,FAKE
drrmdksoxw.mp4,FAKE
dtyxicmtwr.mp4,FAKE
cljzmyuity.mp4,FAKE
dfpizimddw.mp4,FAKE
atchftsngx.mp4,FAKE
daflehvuam.mp4,FAKE
emognsfjum.mp4,FAKE
cundwodhjt.mp4,FAKE
bickzzulsq.mp4,FAKE
bqamrsyvnf.mp4,FAKE
cgmyiexmbk.mp4,FAKE
doujpiwzkc.mp4,FAKE
aqemytasjc.mp4,FAKE
bpapdifduo.mp4,FAKE
cgyfrcpcqi.mp4,FAKE
cuvqoorsek.mp4,FAKE
crgoxxvpxp.mp4,FAKE
etndujkuoe.mp4,FAKE
bhwrpwervy.mp4,FAKE
coawjwyyjo.mp4,FAKE
csvqixkrdb.mp4,FAKE
cebcmahlap.mp4,FAKE
dhvhfxtqsw.mp4,FAKE
eshylhwvej.mp4,FAKE
cqvgopmkna.mp4,FAKE
aawhvztjdt.mp4,FAKE
blprrfobos.mp4,FAKE
cmgybxlatl.mp4,FAKE
aykbmlifdu.mp4,FAKE
bdnwuzgaew.mp4,FAKE
betxlrlfsv.mp4,FAKE
czemufjhkl.mp4,FAKE
cumwqtxgvl.mp4,FAKE
dpjfwtafke.mp4,FAKE
dqxojjjwdp.mp4,FAKE
dirppabgwa.mp4,FAKE
conodqbmpe.mp4,FAKE
cgzehrnpvv.mp4,FAKE
bdoadbahhf.mp4,FAKE
azxcqazqbs.mp4,FAKE
bmcpsjkjqv.mp4,FAKE
bdpwzkrofr.mp4,FAKE
cxybpbtpih.mp4,FAKE
ckphdgvojq.mp4,FAKE
acryukkddn.mp4,FAKE
aaprcuxsdb.mp4,FAKE
chhcmabekn.mp4,FAKE
bnwlsejuna.mp4,FAKE
bqqaetrjss.mp4,FAKE
angokkehzt.mp4,FAKE
cjazrigwbq.mp4,FAKE
ebvvelqptf.mp4,FAKE
dnhdqryijq.mp4,FAKE
cqriqodldx.mp4,FAKE
aaoecyszps.mp4,FAKE
anklylpjpm.mp4,FAKE
ciminikxsj.mp4,FAKE
bhtpbkfwdd.mp4,FAKE
dhvtqqczev.mp4,FAKE
abiotberut.mp4,FAKE
dkeontafvh.mp4,FAKE
cnbgfhcdkl.mp4,FAKE
czvtpopqok.mp4,FAKE
caemhpqbcd.mp4,FAKE
bhjbjznqko.mp4,FAKE
bybkpqmroe.mp4,FAKE
cqjpvlbjiy.mp4,FAKE
aqvpggzkmz.mp4,FAKE
aahsnkchkz.mp4,FAKE
bydtnhfnyp.mp4,FAKE
caljwhewpb.mp4,FAKE
amztmezqgh.mp4,FAKE
cuaqzwwuzw.mp4,FAKE
anxteqfazk.mp4,FAKE
csakctnwak.mp4,FAKE
aesqljtwep.mp4,FAKE
dbclzwjvvx.mp4,FAKE
cjndatpdcy.mp4,FAKE
bxhitlorpq.mp4,FAKE
bxtaeanoyr.mp4,FAKE
djwtvksqup.mp4,FAKE
bttkvdunwu.mp4,FAKE
bbwwbsccdf.mp4,FAKE
ddlsxsesbx.mp4,FAKE
ahcxtenjgp.mp4,FAKE
aiwvljvnzz.mp4,FAKE
dfllzqcyug.mp4,FAKE
biamfehslm.mp4,FAKE
cuxqfnwzus.mp4,FAKE
bziekeavpv.mp4,FAKE
brpkkgdggv.mp4,FAKE
bqrqgidhyk.mp4,FAKE
dnhtodemdj.mp4,FAKE
dbnuyzbgky.mp4,FAKE
chvwneqdcy.mp4,FAKE
aohtixcgqk.mp4,FAKE
dlqqieidqo.mp4,FAKE
bckuzhtwyt.mp4,FAKE
bzmrzdjdfi.mp4,FAKE
blhgbioprk.mp4,FAKE
awtomwfgsw.mp4,FAKE
bkvujfissu.mp4,FAKE
bptrqltmsx.mp4,FAKE
chbnpgnnzu.mp4,FAKE
bwquverbcd.mp4,FAKE
batfgxokwg.mp4,FAKE
dnugrjawlu.mp4,FAKE
cxdlxvgysz.mp4,FAKE
dywrvfnhme.mp4,FAKE
agziimvuqi.mp4,FAKE
arvqhnzltg.mp4,FAKE
agbfymrrhv.mp4,FAKE
bdkihilpyw.mp4,FAKE
aiseiufjsz.mp4,FAKE
dqfvhvptda.mp4,FAKE
dfxtesniah.mp4,FAKE
akjkqsvfzl.mp4,FAKE
aolvemvlnz.mp4,FAKE
avxtaltkzj.mp4,FAKE
atcfypvdpu.mp4,FAKE
bhtoxwgarp.mp4,FAKE
bqzxvddxhv.mp4,FAKE
czempsilib.mp4,FAKE
ayvyqvvayo.mp4,FAKE
cdcdoqbdmi.mp4,FAKE
chxrkprguh.mp4,FAKE
ecjjzukqpy.mp4,FAKE
cukadnrzpo.mp4,FAKE
duvffhbhlr.mp4,FAKE
dwrpxabjqt.mp4,FAKE
ayyuycuyxl.mp4,FAKE
awkknginsz.mp4,FAKE
aokhuioyqh.mp4,FAKE
bfibrgtvjc.mp4,FAKE
bvaujcjgih.mp4,FAKE
btxbhzzeim.mp4,FAKE
ajpwtcvoqm.mp4,FAKE
bekuilzxxn.mp4,FAKE
dadqhcqwha.mp4,FAKE
beoobdybbw.mp4,FAKE
bjaejffikm.mp4,FAKE
dxynhvcwrh.mp4,FAKE
bdvqwpqmag.mp4,FAKE
dhkdlpxcbg.mp4,FAKE
aomilychlk.mp4,FAKE
bijnzrftzz.mp4,FAKE
efjwcpgxdh.mp4,FAKE
ckutryryek.mp4,FAKE
benxwujzwl.mp4,FAKE
bkbupkvksa.mp4,FAKE
axntzvpfmh.mp4,FAKE
bpqmetsjik.mp4,FAKE
dydgxalbvq.mp4,FAKE
duplfegshv.mp4,FAKE
cwdkfjctcp.mp4,FAKE
aysrnwnhii.mp4,FAKE
axbffpjqpj.mp4,FAKE
byyyvzsaet.mp4,FAKE
awjywmwplp.mp4,FAKE
akcogqlmdd.mp4,FAKE
bwrlcrrlec.mp4,FAKE
brrdxgrikt.mp4,FAKE
djeichwqqe.mp4,FAKE
cvxnllaicc.mp4,FAKE
bauutjqiow.mp4,FAKE
bdnoxibdvz.mp4,FAKE
dhvxgjudyq.mp4,FAKE
dargqdtmnl.mp4,FAKE
bfajryuvdg.mp4,FAKE
anuzdiqqnq.mp4,FAKE
ejsdvcnvlu.mp4,FAKE
byloqytsws.mp4,FAKE
axnsynfgqo.mp4,FAKE
ckwdmymgfn.mp4,FAKE
arlklajpvk.mp4,FAKE
cccvfncjid.mp4,FAKE
ayaquhexqz.mp4,FAKE
apmzxocjio.mp4,FAKE
aspjhkusgd.mp4,FAKE
afxafafvae.mp4,FAKE
cyxfegxaea.mp4,FAKE
bfktkdugru.mp4,FAKE
cqadfjmclr.mp4,FAKE
druokiksrn.mp4,FAKE
disgdyizyu.mp4,FAKE
dwnofqzcss.mp4,FAKE
ajqqjqkpsr.mp4,FAKE
dwjmwxgqtg.mp4,FAKE
bpqrwvichd.mp4,FAKE
cspxwzuccg.mp4,FAKE
alunjceitn.mp4,FAKE
atvucyyltw.mp4,FAKE
axidwwmhvb.mp4,FAKE
dhjreaoqpt.mp4,FAKE
cjhflcxdas.mp4,FAKE
bnivhzpecz.mp4,FAKE
bcvzgovntj.mp4,FAKE
aosnzkbllm.mp4,FAKE
ccirkpwvgi.mp4,FAKE
bgwmmwgmgk.mp4,FAKE
bjxasekfcx.mp4,FAKE
dluaxfukbh.mp4,FAKE
dvgvdygwwy.mp4,FAKE
eagqnsbiyh.mp4,FAKE
awmeoatyyy.mp4,FAKE
bmvjqkjtnf.mp4,FAKE
clsuuljblu.mp4,FAKE
cifhvelrvx.mp4,FAKE
cxqucbhale.mp4,FAKE
debzyjrpxm.mp4,FAKE
aimkjacvip.mp4,FAKE
dbdlybcefl.mp4,FAKE
bjylmnvggi.mp4,FAKE
beborlpxuy.mp4,FAKE
afvldbcclm.mp4,FAKE
bhzmcktrkb.mp4,FAKE
arfqjhbpax.mp4,FAKE
aafezqchru.mp4,FAKE
ccaiyxmdut.mp4,FAKE
caocfxbmjj.mp4,FAKE
alcueoqbnp.mp4,FAKE
bpijdklhxj.mp4,FAKE
eaquarsawu.mp4,FAKE
eglhjecykb.mp4,FAKE
anewicpmkd.mp4,FAKE
aczofflgti.mp4,FAKE
asutuywxrs.mp4,FAKE
abddemeing.mp4,FAKE
bgyaqospgo.mp4,FAKE
bsvwmqamfn.mp4,FAKE
edtpirebkl.mp4,FAKE
afovojcvgh.mp4,FAKE
crejnrpfwu.mp4,FAKE
bqkjvmuhkq.mp4,FAKE
bilwtjqxak.mp4,FAKE
aaqaifqrwn.mp4,FAKE
ecfydhcubl.mp4,FAKE
aebgvmafzx.mp4,FAKE
cshlbvfpzi.mp4,FAKE
bzxauvpscl.mp4,FAKE
ayqvfldwuf.mp4,FAKE
awlmfcjhxf.mp4,FAKE
ctvgzogjqz.mp4,FAKE
enipqkwzqx.mp4,FAKE
eefjhklvnt.mp4,FAKE
aqkxylfqqc.mp4,FAKE
ddbhhoxaib.mp4,FAKE
afrwgxjdqz.mp4,FAKE
dvusgcaaji.mp4,FAKE
ahqbzhlgfd.mp4,FAKE
ddtgcdxlfj.mp4,FAKE
agldheqnhf.mp4,FAKE
dqzapzhrzg.mp4,FAKE
dshoywjgap.mp4,FAKE
csmvoigpmo.mp4,FAKE
eexwytsgqy.mp4,FAKE
czdchuhbfe.mp4,FAKE
bopzdqqfqi.mp4,FAKE
ccbfmuqlkj.mp4,FAKE
dgmsyauuvv.mp4,FAKE
cvsvyuueoh.mp4,FAKE
ayvkjimrki.mp4,FAKE
apgxbcqpko.mp4,FAKE
byzmxujeng.mp4,FAKE
bsbyvsgodg.mp4,FAKE
brzfxbzteo.mp4,FAKE
cmbcebohin.mp4,FAKE
adxtihgjrs.mp4,FAKE
ayzherlveu.mp4,FAKE
cdyotmvujc.mp4,FAKE
bjkjjutppv.mp4,FAKE
csribdbvgz.mp4,FAKE
ciytftuwfp.mp4,FAKE
bmjjhpgnra.mp4,FAKE
bxnsimvjlv.mp4,FAKE
cspbxdvhzz.mp4,FAKE
aegwmawqov.mp4,FAKE
ddvpmqqrlj.mp4,FAKE
czifmcopho.mp4,FAKE
blplivuqcr.mp4,FAKE
ckzxmjrjvi.mp4,FAKE
cmqjpitmyj.mp4,FAKE
acukjpjxen.mp4,FAKE
atnmhtfbyx.mp4,FAKE
beosdmoipb.mp4,FAKE
bbxqtnztyy.mp4,FAKE
cxsjnptter.mp4,FAKE
bqzlymwvak.mp4,FAKE
bytfrsxnwi.mp4,FAKE
accuranbpc.mp4,FAKE
apcrjhkztt.mp4,FAKE
ecqpbhajkx.mp4,FAKE
atxqvvrthu.mp4,FAKE
bpogbhuwvd.mp4,FAKE
cjzarnrphr.mp4,FAKE
btfsgaxvym.mp4,FAKE
bcvisrvzak.mp4,FAKE
ahbjzjoucp.mp4,FAKE
baoyaflncn.mp4,FAKE
dlnfsqpfcd.mp4,FAKE
ddfscdlncl.mp4,FAKE
anlpfbokfn.mp4,FAKE
eaweencjhp.mp4,FAKE
dycmubnkqs.mp4,FAKE
bjhlloopdo.mp4,FAKE
duvihajlvv.mp4,FAKE
edghvpdkdo.mp4,FAKE
augwyjvlqa.mp4,FAKE
czjkgcwhch.mp4,FAKE
bitlskxuct.mp4,FAKE
begolhmsru.mp4,FAKE
ctoeplyxsc.mp4,FAKE
cssoselqjy.mp4,FAKE
cotvlcroov.mp4,FAKE
bqqnhlcjwm.mp4,FAKE
cohlqbfxzu.mp4,FAKE
axefxbvfyn.mp4,FAKE
eavwghkobe.mp4,FAKE
bokwfrmeyv.mp4,FAKE
bbbqniokoa.mp4,FAKE
dokwdsjpky.mp4,FAKE
bjqjyplccn.mp4,FAKE
aslwfdrdsz.mp4,FAKE
bnjpqypcmg.mp4,FAKE
cwqauxqvfw.mp4,FAKE
aaaoqepxnf.mp4,FAKE
bpteuesxca.mp4,FAKE
cvwbvedicl.mp4,FAKE
cvvwitgutr.mp4,FAKE
dufldddpbl.mp4,FAKE
eaewlbhlxk.mp4,FAKE
awzkdpxorv.mp4,FAKE
dsnfyenwjx.mp4,FAKE
coytfhjqcr.mp4,FAKE
bzuszivgau.mp4,FAKE
aujiyxfffk.mp4,FAKE
asjcdsuxqc.mp4,FAKE
awldflynbc.mp4,FAKE
alxpnosgtc.mp4,FAKE
bvugfvbvno.mp4,FAKE
cuwnhkgiyb.mp4,FAKE
axiltxiyse.mp4,FAKE
aiuutdsmpd.mp4,FAKE
aorwnetwso.mp4,FAKE
bocdttfbsu.mp4,FAKE
ckhqbkkswv.mp4,FAKE
bmacjazhyt.mp4,FAKE
brihlutndc.mp4,FAKE
arulsxwzmq.mp4,FAKE
axcasmwtjb.mp4,FAKE
cjoykobwyh.mp4,FAKE
bxnheaevzx.mp4,FAKE
dlmbhowqxi.mp4,FAKE
bvienyqobe.mp4,FAKE
aedbjztjwz.mp4,FAKE
czybtgfjtm.mp4,FAKE
abiodyryai.mp4,FAKE
dieeubojvf.mp4,FAKE
arkwqyuthh.mp4,FAKE
atskafotrj.mp4,FAKE
cdvwcmkcdz.mp4,FAKE
bjxmsrkhyf.mp4,FAKE
bfeewgzrbr.mp4,FAKE
dldaiqtavj.mp4,FAKE
bagkzlffuh.mp4,FAKE
bdbqrjjyak.mp4,FAKE
cgdrgdldtn.mp4,FAKE
btodwmstfj.mp4,FAKE
adqyqmibof.mp4,FAKE
aegvtnwqoe.mp4,FAKE
dhspjmstbw.mp4,FAKE
cyvbeyvgbd.mp4,FAKE
cbmhbmwxgc.mp4,FAKE
bwwnvrhzti.mp4,FAKE
chhjdmutms.mp4,FAKE
acyvmvapdl.mp4,FAKE
bgtgxubqmy.mp4,FAKE
eduorgiuji.mp4,FAKE
dvmmryecpe.mp4,FAKE
cmpmbimess.mp4,FAKE
aimzesksew.mp4,FAKE
bbisgqelmk.mp4,FAKE
afposymfjh.mp4,FAKE
doksubaxju.mp4,FAKE
axazpptbwz.mp4,FAKE
abygnkrrix.mp4,FAKE
bpwudenryg.mp4,FAKE
bwbnjvsbcd.mp4,FAKE
djutslakvn.mp4,FAKE
amcocxjkel.mp4,FAKE
cohkwaxnvw.mp4,FAKE
ecpiawvxqa.mp4,FAKE
dwnjghnnvx.mp4,FAKE
cyjixxrrrg.mp4,FAKE
cbaetxcmkf.mp4,FAKE
bbmstrmoaf.mp4,FAKE
cbybbxuusl.mp4,FAKE
asrolirrqe.mp4,FAKE
bbhwlztebz.mp4,FAKE
eempsqftgk.mp4,FAKE
aqrsylrzgi.mp4,FAKE
dswaxbhfgs.mp4,FAKE
cvovxjmzsl.mp4,FAKE
cdwxurdymt.mp4,FAKE
cgumdsscsh.mp4,FAKE
ckgkmmgevx.mp4,FAKE
dmdfeqjmpe.mp4,FAKE
cytdctacrw.mp4,FAKE
ckmjeilxpy.mp4,FAKE
aavyetamvt.mp4,FAKE
cycxdkwndh.mp4,FAKE
cshdgzvfpe.mp4,FAKE
amexfpxjzt.mp4,FAKE
dfxwtmsttt.mp4,FAKE
axvafppqre.mp4,FAKE
cdbmqliycy.mp4,FAKE
dwceebuwka.mp4,FAKE
brlfypwhcj.mp4,FAKE
aqgwyuaijx.mp4,FAKE
abfvpzjkwr.mp4,FAKE
ddylopxpuw.mp4,FAKE
bnywsgghdq.mp4,FAKE
dhtvwqnqhm.mp4,FAKE
bknjyvqoec.mp4,FAKE
efqidahvcx.mp4,FAKE
cigxlofbkn.mp4,FAKE
bfrwghgtrn.mp4,FAKE
cxngwglwnw.mp4,FAKE
bgdhmiplel.mp4,FAKE
dulerniows.mp4,FAKE
bgnxtocxqo.mp4,FAKE
aqvowsdlld.mp4,FAKE
bgatyjdowa.mp4,FAKE
bzzoylchma.mp4,FAKE
cxdibrhrwz.mp4,FAKE
ctgradkbzn.mp4,FAKE
bmgcyjggxe.mp4,FAKE
chdbbbghqw.mp4,FAKE
cdmwcoqgsq.mp4,FAKE
asxhhsants.mp4,FAKE
atntkkmyft.mp4,FAKE
bvjebyqext.mp4,FAKE
bjuhnomrsu.mp4,FAKE
apzckowxpy.mp4,FAKE
akmmrizujh.mp4,FAKE
dpzqzfnzrs.mp4,FAKE
bwmhmjdpbh.mp4,FAKE
clrdxzhlzn.mp4,FAKE
afnhmtuuva.mp4,FAKE
bednaxvzbt.mp4,FAKE
bstbbiefie.mp4,FAKE
dhpsvaichc.mp4,FAKE
abvgbvoxco.mp4,FAKE
apyxwaxfps.mp4,FAKE
aujxjbehuz.mp4,FAKE
auquqlmsts.mp4,FAKE
dhoqdkxnjt.mp4,FAKE
bpcimjvhlu.mp4,FAKE
cmsgfgmofg.mp4,FAKE
btyxvpjgcc.mp4,FAKE
dvvrufajch.mp4,FAKE
ddgubuafql.mp4,FAKE
ctwvhdkmkx.mp4,FAKE
elkbjpwigu.mp4,FAKE
cnbxddelwb.mp4,FAKE
bmfkkzheii.mp4,FAKE
cglzoiprgl.mp4,FAKE
cjbejshqep.mp4,FAKE
bfdlyfihvy.mp4,FAKE
bxgbpdjgjv.mp4,FAKE
cexrhgoikd.mp4,FAKE
buzkrvzzlp.mp4,FAKE
bjwvvwewcc.mp4,FAKE
dukwxvlmkq.mp4,FAKE
dngvaozylo.mp4,FAKE
dvmvkmynha.mp4,FAKE
eggcbcoedw.mp4,FAKE
bkzrsfcrcr.mp4,FAKE
agkuzeyvkl.mp4,FAKE
dbkmxwlytr.mp4,FAKE
erzyucrekk.mp4,FAKE
ctmwfvnugu.mp4,FAKE
edghxugaar.mp4,FAKE
bmgnopxcdf.mp4,FAKE
anukptetbd.mp4,FAKE
almydrosfd.mp4,FAKE
connsjyvsl.mp4,FAKE
bhzhtdtuvz.mp4,FAKE
acdkfksyev.mp4,FAKE
addyjceutz.mp4,FAKE
cugflmdnrp.mp4,FAKE
bbyosyhxzo.mp4,FAKE
cgnhytdbnt.mp4,FAKE
dvzosejlfd.mp4,FAKE
alidfjtwvg.mp4,FAKE
ajcgqfzbef.mp4,FAKE
egxdgjsilw.mp4,FAKE
cfpmeadviw.mp4,FAKE
egscoezvho.mp4,FAKE
alrtntfxtd.mp4,FAKE
dzgajtndul.mp4,FAKE
agjhckhukv.mp4,FAKE
cwosvnnasn.mp4,FAKE
ebjdmhnula.mp4,FAKE
buavuaumij.mp4,FAKE
bznkogdxxi.mp4,FAKE
alxodlppci.mp4,FAKE
awfjdqqygu.mp4,FAKE
atuweqcvfa.mp4,FAKE
dqjvzwlpfb.mp4,FAKE
cxlpvfoxdt.mp4,FAKE
aodgtudnun.mp4,FAKE
djibvjxokb.mp4,FAKE
afvefokzbu.mp4,FAKE
ckkhekfajw.mp4,FAKE
auuxrdogjl.mp4,FAKE
acgywoqfbr.mp4,FAKE
cdyclvewaw.mp4,FAKE
eqliqjdput.mp4,FAKE
bwdmzwhdnw.mp4,FAKE
baklbjkzeq.mp4,FAKE
bhidtfximd.mp4,FAKE
angerpqrqg.mp4,FAKE
cfpydwmroe.mp4,FAKE
bnwetzchfg.mp4,FAKE
abdxzlhagb.mp4,FAKE
cwhoszpfek.mp4,FAKE
ctjewcqxee.mp4,FAKE
asdzplbhnm.mp4,FAKE
btqedjcqpt.mp4,FAKE
cibunztqcw.mp4,FAKE
dkbmrryekj.mp4,FAKE
alhqvmlmfm.mp4,FAKE
alumxqbzxq.mp4,FAKE
aypkfdynul.mp4,FAKE
cerlkkynsx.mp4,FAKE
djaxftnzkp.mp4,FAKE
eaakpmkvvp.mp4,FAKE
ddxydequdc.mp4,FAKE
aqtvsxelrj.mp4,FAKE
abeibpdqhj.mp4,FAKE
aaknzywids.mp4,FAKE
awnirdhpua.mp4,FAKE
dcwkheoips.mp4,FAKE
bbmagsmxrb.mp4,FAKE
bcunmpqmwf.mp4,FAKE
bfbpgqcfwi.mp4,FAKE
aassnaulhq.mp4,FAKE
ednjxskkrq.mp4,FAKE
dmspiciqdb.mp4,FAKE
ammowfdpae.mp4,FAKE
ajtziexlkt.mp4,FAKE
atbtsntowb.mp4,FAKE
bhbbqmdjkv.mp4,FAKE
dwxdhsacsk.mp4,FAKE
dlshgknsmq.mp4,FAKE
cgkorxrqlv.mp4,FAKE
cmyhcrqfnl.mp4,FAKE
coegoetjpm.mp4,FAKE
acpaumltcm.mp4,FAKE
brftztqwxi.mp4,FAKE
dnrpknwija.mp4,FAKE
cwvvrbcchf.mp4,FAKE
bhumkuzoeo.mp4,FAKE
beeelfonyn.mp4,FAKE
aqdbtqggew.mp4,FAKE
cbhfymetoq.mp4,FAKE
eewlybcbhd.mp4,FAKE
aeconjpzxx.mp4,FAKE
crqybwddzz.mp4,FAKE
cxmvedvusk.mp4,FAKE
dgstkakoiv.mp4,FAKE
cwjtawpefj.mp4,FAKE
abaodketae.mp4,FAKE
dwrguqzmpl.mp4,FAKE
bhkjrexduj.mp4,FAKE
dkszwvfwxb.mp4,FAKE
cgigqncgru.mp4,FAKE
diacloondv.mp4,FAKE
bkxxbtsvkz.mp4,FAKE
crawadrnaa.mp4,FAKE
dmpmeqiafv.mp4,FAKE
bkjqhzjyti.mp4,FAKE
eqklxbzhmu.mp4,FAKE
ckuvjbzeja.mp4,FAKE
ahtoprtppg.mp4,FAKE
dxexoyuqqf.mp4,FAKE
dpbobkmnup.mp4,FAKE
cqevoiruai.mp4,FAKE
aqbkbgwgrd.mp4,FAKE
cehhbxagyt.mp4,FAKE
ahrigbsxpt.mp4,FAKE
doeeuppytb.mp4,FAKE
cdzriaborp.mp4,FAKE
bkkdcgdoya.mp4,FAKE
bspcyahzeb.mp4,FAKE
dsrioilqfo.mp4,FAKE
cnlypryluk.mp4,FAKE
csikkbsnia.mp4,FAKE
cclkwtadow.mp4,FAKE
bnlaajzsxt.mp4,FAKE
ahssjssyen.mp4,FAKE
bflarmyzne.mp4,FAKE
bsghddlheb.mp4,FAKE
bkwqojntbf.mp4,FAKE
cffpcdxoyt.mp4,FAKE
ahcbiribgn.mp4,FAKE
bkyqaqhdra.mp4,FAKE
bffavsfxqi.mp4,FAKE
dwgbqxlqzh.mp4,FAKE
ajeegjgyzk.mp4,FAKE
cbtcwfzudb.mp4,FAKE
ebdpceuqsy.mp4,FAKE
bsjubsobtp.mp4,FAKE
celvdajmek.mp4,FAKE
acsnnvnvhy.mp4,FAKE
chgqmwtbyf.mp4,FAKE
aentwuqfmv.mp4,FAKE
eldndygyuj.mp4,FAKE
cpcuxqcgzp.mp4,FAKE
adtvlinjvb.mp4,FAKE
bvaffyvyjy.mp4,FAKE
cxuzbxfwst.mp4,FAKE
dcnltnfeeg.mp4,FAKE
bysnjpwrxs.mp4,FAKE
buzdtxdyid.mp4,FAKE
cyomcqpgmy.mp4,FAKE
amapzzdqse.mp4,FAKE
anzylmbqgi.mp4,FAKE
dlgrgmkmpa.mp4,FAKE
dxieksfyad.mp4,FAKE
coatfjiush.mp4,FAKE
cmewuiizwx.mp4,FAKE
ecqkcffgur.mp4,FAKE
aspxnmdiku.mp4,FAKE
aibiqkczez.mp4,FAKE
doxeyanlla.mp4,FAKE
bgduhdhubv.mp4,FAKE
brdrapqoos.mp4,FAKE
ayfjanopir.mp4,FAKE
cxrqyltnuu.mp4,FAKE
dretamidot.mp4,FAKE
abssilrpat.mp4,FAKE
bxptafpclo.mp4,FAKE
cjfwxrtjdc.mp4,FAKE
ctwqyniuuk.mp4,FAKE
aglalfjfer.mp4,FAKE
bwcajtxluy.mp4,FAKE
ajalgtjhgp.mp4,FAKE
cswvrrtrfi.mp4,FAKE
agdizmxpmy.mp4,FAKE
anmzhupzpa.mp4,FAKE
agefbqufao.mp4,FAKE
ctapiptgpv.mp4,FAKE
blswnkmgtn.mp4,FAKE
cevktnkdup.mp4,FAKE
bcisypwgtf.mp4,FAKE
bobihhgccf.mp4,FAKE
azppuasxcf.mp4,FAKE
eahsxehlri.mp4,FAKE
brtujopkby.mp4,FAKE
dqcmqcmmba.mp4,FAKE
csnkohqxdv.mp4,FAKE
awigxxbbpb.mp4,FAKE
dxkqxgumzp.mp4,FAKE
direzlbdwo.mp4,FAKE
bdeouczrwb.mp4,FAKE
bjaubcuqcl.mp4,FAKE
bjxxsvwlzm.mp4,FAKE
bbwnmgecdf.mp4,FAKE
dfshmoospr.mp4,FAKE
alnkzqihau.mp4,FAKE
cwzdoxtpms.mp4,FAKE
drsgxhctvz.mp4,FAKE
byuyjtloht.mp4,FAKE
cvqlmslhdv.mp4,FAKE
egwyvhmynr.mp4,FAKE
davcjqoiiy.mp4,FAKE
dnvystgwyo.mp4,FAKE
dneghxhqsr.mp4,FAKE
bdcnzxibfz.mp4,FAKE
aelvskvush.mp4,FAKE
azqmircfhx.mp4,FAKE
cvcgyphqfh.mp4,FAKE
clkgvdosxe.mp4,FAKE
bugiwrwsfe.mp4,FAKE
agetriarxi.mp4,FAKE
abjvfvhtnp.mp4,FAKE
cmchigmmtb.mp4,FAKE
ciaxcxtxix.mp4,FAKE
eczoeypdon.mp4,FAKE
eahmseribf.mp4,FAKE
ajqmtwoocc.mp4,FAKE
bdqrsasbda.mp4,FAKE
bjjnvcgjml.mp4,FAKE
dsbrnbihpn.mp4,FAKE
dcqknjslcm.mp4,FAKE
cjwzotwnnx.mp4,FAKE
ehztvhixpt.mp4,FAKE
borvrzlpon.mp4,FAKE
dmddxqzfgv.mp4,FAKE
copybkdfji.mp4,FAKE
atisizneup.mp4,FAKE
aesicqmigv.mp4,FAKE
bpykroksyw.mp4,FAKE
csxtydbgui.mp4,FAKE
ayxuxnxwxa.mp4,FAKE
bpqtyarnjh.mp4,FAKE
bjnvgindid.mp4,FAKE
cwldadomaz.mp4,FAKE
dsvwtcrvwv.mp4,FAKE
bxfxykencc.mp4,FAKE
dbqrktaaub.mp4,FAKE
bcavrprfct.mp4,FAKE
dktpniyvec.mp4,FAKE
cpzyxoqgnd.mp4,FAKE
eedqpctook.mp4,FAKE
arasptnvme.mp4,FAKE
dfafrrltdi.mp4,FAKE
ekzwasnkky.mp4,FAKE
corsygyivy.mp4,FAKE
aofuhtnouj.mp4,FAKE
caolfufjvz.mp4,FAKE
dbsldpxnfg.mp4,FAKE
emnttneegx.mp4,FAKE
bmnolajvus.mp4,FAKE
ecqulzqtgl.mp4,FAKE
aiyqaylifg.mp4,FAKE
dnfeattxrj.mp4,FAKE
cmdfrlzaou.mp4,FAKE
cddwbrlhie.mp4,FAKE
bvrxamwgcl.mp4,FAKE
aauhqwwncp.mp4,FAKE
bpgclzzckb.mp4,FAKE
bkfkiejtle.mp4,FAKE
aisdsiyxvh.mp4,FAKE
egsxemfpsx.mp4,FAKE
cujsfckgxq.mp4,FAKE
dywkdfclzy.mp4,FAKE
aymlynzeni.mp4,FAKE
bqfyfhzjxk.mp4,FAKE
cdfbhqgada.mp4,FAKE
axfhbpkdlc.mp4,FAKE
azlfodrdst.mp4,FAKE
bmkqvrbwal.mp4,FAKE
axjxsymyhw.mp4,FAKE
blklnegyki.mp4,FAKE
eqpnxxliki.mp4,FAKE
aopgandqma.mp4,FAKE
eazkicaoye.mp4,FAKE
dwvhonewys.mp4,FAKE
dgdxidiauq.mp4,FAKE
avlmlshqjh.mp4,FAKE
edhygwpogy.mp4,FAKE
cdcaedaavn.mp4,FAKE
bxejcionpa.mp4,FAKE
bztdemptfg.mp4,FAKE
dtrpvcrbyk.mp4,FAKE
ecjozlfeec.mp4,FAKE
blnvojesru.mp4,FAKE
dkqwmjuvky.mp4,FAKE
deczfkdrhz.mp4,FAKE
duoisftrbn.mp4,FAKE
bmewfssalv.mp4,FAKE
bcfzwkyukw.mp4,FAKE
bjorshdgjo.mp4,FAKE
dohidzgzqj.mp4,FAKE
axlzaoxpcs.mp4,FAKE
cpwfwaurge.mp4,FAKE
dwdsqjvuch.mp4,FAKE
azduhthfhk.mp4,FAKE
ccnmxgjron.mp4,FAKE
czrnayusig.mp4,FAKE
bpvrltfiuf.mp4,FAKE
dpihmcmpfq.mp4,FAKE
cpxdooypve.mp4,FAKE
ckddyprqjv.mp4,FAKE
ablzpwqhcc.mp4,FAKE
bgswtwkxvc.mp4,FAKE
dwlgovxgwq.mp4,FAKE
abhggqdift.mp4,FAKE
bihlajjbnl.mp4,FAKE
eqwkbdxtyk.mp4,FAKE
acptlizllc.mp4,FAKE
blvpaewknn.mp4,FAKE
dgjuuohkmr.mp4,FAKE
dgcynprkrb.mp4,FAKE
civzmohmef.mp4,FAKE
dhfxzbuooo.mp4,FAKE
cfmapbvctw.mp4,FAKE
amqaearxwx.mp4,FAKE
elrmpzdppn.mp4,FAKE
dxzscteuyd.mp4,FAKE
avfhsplmya.mp4,FAKE
dbsfikupsn.mp4,FAKE
cujuflgqqa.mp4,FAKE
aaujbbfhqu.mp4,FAKE
ellibnfrxj.mp4,FAKE
botswdcyee.mp4,FAKE
cibkroqtxz.mp4,FAKE
ckogtjkhzt.mp4,FAKE
dpojtssjpq.mp4,FAKE
bzqzktvzdn.mp4,FAKE
cidzkctwby.mp4,FAKE
bidlydtbkf.mp4,FAKE
cracusggal.mp4,FAKE
aoayayeqji.mp4,FAKE
dyioiacfyw.mp4,FAKE
blpboxhdvz.mp4,FAKE
czxtraxsnt.mp4,FAKE
csdqvhefzs.mp4,FAKE
arzxyrstcs.mp4,FAKE
cxmublbrkr.mp4,FAKE
apnaakewce.mp4,FAKE
aoegtmsbnc.mp4,FAKE
bhneimyaiz.mp4,FAKE
ahofrimoni.mp4,FAKE
dfgwglcyiz.mp4,FAKE
dffscprcuu.mp4,FAKE
aaagqkcdis.mp4,FAKE
btdjfsvmvz.mp4,FAKE
eqnqdhgskm.mp4,FAKE
dguwaorjmx.mp4,FAKE
csflwluoeb.mp4,FAKE
ealfplhqdz.mp4,FAKE
clndjmjqbg.mp4,FAKE
bwlxucgxro.mp4,FAKE
bzmkkccnkt.mp4,FAKE
anorupqpeo.mp4,FAKE
csnzuyltso.mp4,FAKE
bvjjrsdevv.mp4,FAKE
dyabsuwjpo.mp4,FAKE
ddmyqzmsuy.mp4,FAKE
dxbrjrefpe.mp4,FAKE
bgqvaldacu.mp4,FAKE
cncmotjhsc.mp4,FAKE
bptuspvmzq.mp4,FAKE
bpxitgkwkm.mp4,FAKE
adlucxlfvr.mp4,FAKE
bpwgtgahcv.mp4,FAKE
cyvxriituc.mp4,FAKE
cmxooumvba.mp4,FAKE
ccaequtltd.mp4,FAKE
ahjnxtiamx.mp4,FAKE
cpsttjlkme.mp4,FAKE
aejvkfbtxs.mp4,FAKE
bxooifrfzo.mp4,FAKE
brvyquicjc.mp4,FAKE
axjbcvrvje.mp4,FAKE
bftgduqoct.mp4,FAKE
dnrewgaafp.mp4,FAKE
bfowhabcyv.mp4,FAKE
areepskxqp.mp4,FAKE
akmletxfbg.mp4,FAKE
cfolpcshqw.mp4,FAKE
cmliuimutv.mp4,FAKE
axietspzae.mp4,FAKE
abahildqna.mp4,FAKE
bdhbzwfiov.mp4,FAKE
bztifpciva.mp4,FAKE
dtviszogbx.mp4,FAKE
ckkcbibrkd.mp4,FAKE
arzxjcyupl.mp4,FAKE
bgdokxsepy.mp4,FAKE
dzjswxpstl.mp4,FAKE
bcrhsbxuwu.mp4,FAKE
cpoyanxkdb.mp4,FAKE
emrerqftel.mp4,FAKE
cboymxepfb.mp4,FAKE
aonaupzilc.mp4,FAKE
cbywmlmeds.mp4,FAKE
aspymrzpyt.mp4,FAKE
abebnhqyzv.mp4,FAKE
dbpwyvzccc.mp4,FAKE
dknttybmxm.mp4,FAKE
asweglrfni.mp4,FAKE
bsijbywcuc.mp4,FAKE
edmrdlwfbp.mp4,FAKE
dnrojrvdrw.mp4,FAKE
cktnvixgub.mp4,FAKE
aysxspqqdm.mp4,FAKE
crcrqrsyik.mp4,FAKE
bwrtykzswp.mp4,FAKE
dfejiindbl.mp4,FAKE
adckadazdl.mp4,FAKE
bwxsttjaxr.mp4,FAKE
bfsjasmdpd.mp4,FAKE
axtszmzvat.mp4,FAKE
arziusrlal.mp4,FAKE
bycktzkuax.mp4,FAKE
drjlhykuso.mp4,FAKE
bvufynfwom.mp4,FAKE
cutabgeoaf.mp4,FAKE
akmvjzulkz.mp4,FAKE
aakkdgsmvl.mp4,FAKE
cudbbhoegh.mp4,FAKE
azenhytrlc.mp4,FAKE
anwbliivax.mp4,FAKE
agqzyglsup.mp4,FAKE
avhnnjtuqw.mp4,FAKE
ddqtdcasgi.mp4,FAKE
dvecbxagzd.mp4,FAKE
aunqfjmfqp.mp4,FAKE
doiwcojvgj.mp4,FAKE
cgjgaddbbw.mp4,FAKE
beyrhsvlrt.mp4,FAKE
ddghapcesx.mp4,FAKE
axgkbpxjvr.mp4,FAKE
dgpzwfwrst.mp4,FAKE
cjpjjjnsgz.mp4,FAKE
djjmyzkmsb.mp4,FAKE
dtbtodgule.mp4,FAKE
azzumsrvli.mp4,FAKE
bhbnvkiwti.mp4,FAKE
dvslrgviss.mp4,FAKE
bckalnjoyq.mp4,FAKE
aahslbfkop.mp4,FAKE
bwvxqmolob.mp4,FAKE
dpuucddzsr.mp4,FAKE
achofoxrpx.mp4,FAKE
ccverippkg.mp4,FAKE
ajafdvgcyj.mp4,FAKE
asiduvhsif.mp4,FAKE
ajowqizwjl.mp4,FAKE
awuxsqvaez.mp4,FAKE
bisoehzztd.mp4,FAKE
dweqqukuhk.mp4,FAKE
bbwbopxbrv.mp4,FAKE
ddnishdmey.mp4,FAKE
bqvhlqlrba.mp4,FAKE
choesqfxfo.mp4,FAKE
alqiqhnrza.mp4,FAKE
agwtvukqyx.mp4,FAKE
dmafzlffwj.mp4,FAKE
asvroyjehl.mp4,FAKE
avfvieoaih.mp4,FAKE
dfrubjbopu.mp4,FAKE
axqkzfboii.mp4,FAKE
bgeeccvcjv.mp4,FAKE
amvhbsiwou.mp4,FAKE
dkmybfdiif.mp4,FAKE
bldglrgkgy.mp4,FAKE
dgrmcxvcok.mp4,FAKE
ajrhthktnq.mp4,FAKE
bkzcioseyf.mp4,FAKE
dbyhjoeslx.mp4,FAKE
ehfxohnspa.mp4,FAKE
asjvplzvqm.mp4,FAKE
bspvtixfud.mp4,FAKE
cqqapjnjkx.mp4,FAKE
apgqgxqcbh.mp4,FAKE
bnndjmrpuk.mp4,FAKE
dnlckoyatl.mp4,FAKE
dvduupuoqx.mp4,FAKE
dnzntxvurw.mp4,FAKE
chqfxmkwdq.mp4,FAKE
dasyfhyvuq.mp4,FAKE
ajozokmfyd.mp4,FAKE
axdvnynpjj.mp4,FAKE
buqdzgvzwx.mp4,FAKE
dcskqkepft.mp4,FAKE
egscejrtnp.mp4,FAKE
ddohdmifkp.mp4,FAKE
aheocfkxjx.mp4,FAKE
azrnasfxsw.mp4,FAKE
bgvjvvuvgb.mp4,FAKE
eerzkchzes.mp4,FAKE
eciawhfnli.mp4,FAKE
avtfoeadnt.mp4,FAKE
ecvxkykmvx.mp4,FAKE
ccmfdjqzil.mp4,FAKE
chkyctpgjr.mp4,FAKE
dkrknynayu.mp4,FAKE
bzwtxeifuu.mp4,FAKE
avjqdkzjdx.mp4,FAKE
bktkwbcawi.mp4,FAKE
bysromjvhc.mp4,FAKE
dpihwwnser.mp4,FAKE
cgbmnbeazo.mp4,FAKE
ecemscsrgg.mp4,FAKE
axtxpkejwb.mp4,FAKE
cogxmahduk.mp4,FAKE
ckeuvnxric.mp4,FAKE
aqmxsdujjy.mp4,FAKE
atrmrdhzrk.mp4,FAKE
dqdkidemfy.mp4,FAKE
bciuzbjoxq.mp4,FAKE
aebenljufi.mp4,FAKE
cchevvfwpu.mp4,FAKE
aigiiemnfz.mp4,FAKE
aykawoglaw.mp4,FAKE
cmvncstbkx.mp4,FAKE
bfmvjimrqn.mp4,FAKE
bjtdbxvwfp.mp4,FAKE
bxdhnnffvw.mp4,FAKE
augfkhqkbv.mp4,FAKE
ehbujerrtd.mp4,FAKE
aeyprmocjo.mp4,FAKE
dahznkybpw.mp4,FAKE
dvfggelian.mp4,FAKE
djprkltmkl.mp4,FAKE
ahwhvnfqhj.mp4,FAKE
dasleascbq.mp4,FAKE
adsxpxgjlp.mp4,FAKE
drwrgupnpd.mp4,FAKE
aqogxmeouy.mp4,FAKE
cnwryfbhjs.mp4,FAKE
drjaegjgvo.mp4,FAKE
cspsgyxwqt.mp4,FAKE
eamrrztkth.mp4,FAKE
buqjtkguuj.mp4,FAKE
agsbrbnbfh.mp4,FAKE
abxtkdjyru.mp4,FAKE
aqaoadlzlh.mp4,FAKE
bofqrylfpr.mp4,FAKE
bzaukiurar.mp4,FAKE
aomqqjipcp.mp4,FAKE
atpngxfnhr.mp4,FAKE
cxwfakmhui.mp4,FAKE
bbqlpkudxs.mp4,FAKE
ccceyyczpw.mp4,FAKE
arwyjgnvlp.mp4,FAKE
bbnesewcot.mp4,FAKE
bppvyenwri.mp4,FAKE
alqayvaatm.mp4,FAKE
cqrjepnrii.mp4,FAKE
ehkjdctavq.mp4,FAKE
cemftmsxis.mp4,FAKE
cqzpcuukhp.mp4,FAKE
cbnyssjaho.mp4,FAKE
bpbtxqytty.mp4,FAKE
djbfwqsvsb.mp4,FAKE
bfhgudaysl.mp4,FAKE
convzgmiqk.mp4,FAKE
bujfknruqx.mp4,FAKE
bkmtxhrlsl.mp4,FAKE
bpuzvrjihz.mp4,FAKE
dmagghegra.mp4,FAKE
bhvnfaylpk.mp4,FAKE
dowybibeqv.mp4,FAKE
cnxccbjlct.mp4,FAKE
dyhegporuf.mp4,FAKE
axzjovaktp.mp4,FAKE
bmwftpdgmk.mp4,FAKE
ehypjoufkk.mp4,FAKE
bomcfegdpt.mp4,FAKE
buhvwnaupu.mp4,FAKE
ccpkjeveme.mp4,FAKE
cktulounod.mp4,FAKE
csvhhhydcr.mp4,FAKE
dvfymgsmmd.mp4,FAKE
dwoiiugjic.mp4,FAKE
axbvoepbdc.mp4,FAKE
alfidaevix.mp4,FAKE
aoerxokasa.mp4,FAKE
edvsrpoqyg.mp4,FAKE
axyczuqmyl.mp4,FAKE
cwlwyjtxnc.mp4,FAKE
avenlmlmtn.mp4,FAKE
bvekwhumry.mp4,FAKE
bsqnzpidrn.mp4,FAKE
bgrdfeoydq.mp4,FAKE
bhxvkeygvv.mp4,FAKE
dggybitydu.mp4,FAKE
dmzupwmxjo.mp4,FAKE
cgdixdaaql.mp4,FAKE
adcnvlhawy.mp4,FAKE
azloskdmkl.mp4,FAKE
cqxwnhupme.mp4,FAKE
ahauixjqjp.mp4,FAKE
bqrcgzqhnm.mp4,FAKE
aemuyscfmg.mp4,FAKE
duxebrvpko.mp4,FAKE
bsmjyfctpp.mp4,FAKE
cprsviqowo.mp4,FAKE
atedadvxfr.mp4,FAKE
bjkdnhyjoj.mp4,FAKE
akbezffrjx.mp4,FAKE
cnvkzbnefj.mp4,FAKE
ayqywtrjhl.mp4,FAKE
bbuebaojot.mp4,FAKE
atuvrbyqor.mp4,FAKE
ccteennqhv.mp4,FAKE
aurgcztzed.mp4,FAKE
ctpzxfjbmt.mp4,FAKE
cjdiezyedv.mp4,FAKE
djzyraaict.mp4,FAKE
ecxdkuoeyh.mp4,FAKE
dkbhjjbmxj.mp4,FAKE
cfybijtodh.mp4,FAKE
aijlttdlrj.mp4,FAKE
ahhdprhoww.mp4,FAKE
djdawhgbsk.mp4,FAKE
edquqwggla.mp4,FAKE
achakioceb.mp4,FAKE
byzkrasazx.mp4,FAKE
chmgkgvsyp.mp4,FAKE
djcuqtgccw.mp4,FAKE
atomsspjbl.mp4,FAKE
bupcliysfg.mp4,FAKE
aljaxpxbld.mp4,FAKE
bpzmcgorle.mp4,FAKE
akrebrefnz.mp4,FAKE
bcipimmnmv.mp4,FAKE
bamtobqvtx.mp4,FAKE
crvnokpuao.mp4,FAKE
beclytxiol.mp4,FAKE
bofrwgeyjo.mp4,FAKE
davhbwinyn.mp4,FAKE
bhbkalayvx.mp4,FAKE
bwkddsdoqj.mp4,FAKE
daityhferh.mp4,FAKE
aweyorxpto.mp4,FAKE
anvbwbcwiq.mp4,FAKE
cruebsmlgr.mp4,FAKE
arjvscherh.mp4,FAKE
agxplbynwg.mp4,FAKE
anunyoghdg.mp4,FAKE
btlojvpizg.mp4,FAKE
dgrfyyirxt.mp4,FAKE
bxqtrqyoqz.mp4,FAKE
bpwucdibhz.mp4,FAKE
atbqpfymgi.mp4,FAKE
eixgvemqnk.mp4,FAKE
azvpvieiaj.mp4,FAKE
cgrpueglup.mp4,FAKE
atrteuctxr.mp4,FAKE
aabdnomlru.mp4,FAKE
chkwkxujis.mp4,FAKE
bateuibxti.mp4,FAKE
ehytkbagyq.mp4,FAKE
cntwvadfii.mp4,FAKE
avovhmumnp.mp4,FAKE
dfrkufxfpc.mp4,FAKE
dljbvhseze.mp4,FAKE
alxffdisev.mp4,FAKE
dneleizoxr.mp4,FAKE
cahtimcmlt.mp4,FAKE
bnmkwtjris.mp4,FAKE
addkktdymg.mp4,FAKE
aciecilrsg.mp4,FAKE
bewbohouqa.mp4,FAKE
dplgqdumdb.mp4,FAKE
dkecafbtqe.mp4,FAKE
blpsprzbrp.mp4,FAKE
dkpomvbzfh.mp4,FAKE
akpuczgfpk.mp4,FAKE
adfteyuomy.mp4,FAKE
atidvosipb.mp4,FAKE
bzxesmhumc.mp4,FAKE
aeudhfvcvk.mp4,FAKE
cbfbxgvcpd.mp4,FAKE
dvlfqigkgr.mp4,FAKE
amvvmpoytv.mp4,FAKE
btqmbxcpsc.mp4,FAKE
aosizimfzi.mp4,FAKE
axklfzdbme.mp4,FAKE
bnynincvkz.mp4,FAKE
dhcyqigcio.mp4,FAKE
aajhbrxhzm.mp4,FAKE
cuibixkynh.mp4,FAKE
cflwigoquj.mp4,FAKE
befkxqjbox.mp4,FAKE
dxraevezxe.mp4,FAKE
csrymqydbk.mp4,FAKE
dxicnnoilh.mp4,FAKE
bjhrnoxued.mp4,FAKE
buxrvoggov.mp4,FAKE
bhsmpxgdia.mp4,FAKE
diokmtvbvi.mp4,FAKE
birhfcgkot.mp4,FAKE
bswrobxrrf.mp4,FAKE
davpwsqkog.mp4,FAKE
acjjzzvzvg.mp4,FAKE
dszocsfvpr.mp4,FAKE
cxmqothqql.mp4,FAKE
bacbsuewui.mp4,FAKE
aczigtxrgf.mp4,FAKE
aurgosqhcy.mp4,FAKE
bzeovupukx.mp4,FAKE
cpwjaveeeq.mp4,FAKE
brrspejlrg.mp4,FAKE
azgafrrntz.mp4,FAKE
ctckdmusun.mp4,FAKE
cwimepqnxq.mp4,FAKE
bvahacnzcf.mp4,FAKE
bftztxnheg.mp4,FAKE
dvbohsuknn.mp4,FAKE
cpwmxjfltv.mp4,FAKE
dwynqbgsue.mp4,FAKE
akxvfiuusn.mp4,FAKE
bbhkszzsei.mp4,FAKE
arcviozhqq.mp4,FAKE
achcojqaas.mp4,FAKE
aurcpsxlqm.mp4,FAKE
clggcywupp.mp4,FAKE
asntcqtqkq.mp4,FAKE
bsxznrgkpz.mp4,FAKE
dibgdfklfh.mp4,FAKE
arxngsfysd.mp4,FAKE
bemkbovwsz.mp4,FAKE
cwdzbjmsrj.mp4,FAKE
cslsbufmpu.mp4,FAKE
bmrogzgbqw.mp4,FAKE
dtrasqdgid.mp4,FAKE
ejwvqbeyef.mp4,FAKE
cjfcqpeycp.mp4,FAKE
bljlskjwsg.mp4,FAKE
chayotcuqs.mp4,FAKE
atzwrsivnb.mp4,FAKE
bserejknun.mp4,FAKE
bbaeewtqei.mp4,FAKE
aelsfznuqw.mp4,FAKE
bsnxoayogp.mp4,FAKE
clgpmpxpxa.mp4,FAKE
dyitupcvjm.mp4,FAKE
adnnnmoqek.mp4,FAKE
cqsgfwcots.mp4,FAKE
bgpzkygcea.mp4,FAKE
bvyfekcshf.mp4,FAKE
bghgqeswsj.mp4,FAKE
dzpftjovem.mp4,FAKE
aqywnbekqk.mp4,FAKE
cgxpjplcke.mp4,FAKE
chyajgtevi.mp4,FAKE
campcpgvlt.mp4,FAKE
cpxlfotfyz.mp4,FAKE
ajovkrmjye.mp4,FAKE
bntmdzsges.mp4,FAKE
clvtrdioyp.mp4,FAKE
djdacdsbhz.mp4,FAKE
eeqnbbafzq.mp4,FAKE
awnhnhbbxm.mp4,FAKE
auydsalswy.mp4,FAKE
bxtlknuwkz.mp4,FAKE
dywxefvgfi.mp4,FAKE
aeuxknmacb.mp4,FAKE
cdxwmzxudd.mp4,FAKE
augowetyej.mp4,FAKE
aezvgaqjpf.mp4,FAKE
bdqmhkoehe.mp4,FAKE
dwowalvgfk.mp4,FAKE
atyljnwunq.mp4,FAKE
bxnnbryvwj.mp4,FAKE
btmstjvczd.mp4,FAKE
bqgwnuocdo.mp4,FAKE
byofjwgexm.mp4,FAKE
aoydktojny.mp4,FAKE
csvfaepgno.mp4,FAKE
bdshuoldwx.mp4,FAKE
cmhmrfjfna.mp4,FAKE
dmaqwzrgkr.mp4,FAKE
aywwbfnvhk.mp4,FAKE
bittxslmgp.mp4,FAKE
awgsrlznew.mp4,FAKE
bcxgxzusit.mp4,FAKE
carukmrjjo.mp4,FAKE
bwavhbqlew.mp4,FAKE
alcymltoqb.mp4,FAKE
biihbnwecq.mp4,FAKE
bmjwoqldhv.mp4,FAKE
clcwqjmvjd.mp4,FAKE
domhbvrfyc.mp4,FAKE
buabafojmo.mp4,FAKE
cspsmrguki.mp4,FAKE
bhsbxnalvq.mp4,FAKE
bcjuiazvil.mp4,FAKE
bqzsitzzze.mp4,FAKE
dttgdywaeq.mp4,FAKE
cnjzvuvdrg.mp4,FAKE
cejgpvadjj.mp4,FAKE
amvydakvli.mp4,FAKE
anmzsfpcog.mp4,FAKE
bhfxttitcb.mp4,FAKE
csonnyogpm.mp4,FAKE
dbyfoksnlh.mp4,FAKE
avznxuwvbx.mp4,FAKE
afvufvldvx.mp4,FAKE
djotkztepz.mp4,FAKE
azlwgfnjpi.mp4,FAKE
dvqclmxwgd.mp4,FAKE
aolttdkcxv.mp4,FAKE
bzhksoaxbm.mp4,FAKE
arpsbojfxl.mp4,FAKE
bqjrhuuwsf.mp4,FAKE
dpnnwjdspi.mp4,FAKE
ebkzdtebmn.mp4,FAKE
dwwninqprc.mp4,FAKE
cdqprcsdsw.mp4,FAKE
akfjqoantp.mp4,FAKE
daijlfwakh.mp4,FAKE
dorgwfxgrc.mp4,FAKE
atmpbrgsmp.mp4,FAKE
afdblocyhi.mp4,FAKE
bnjnsrammj.mp4,FAKE
aixkdvqcem.mp4,FAKE
dutksjiaxm.mp4,FAKE
bhhyypufqy.mp4,FAKE
cfwkrubysq.mp4,FAKE
dqnimegdrl.mp4,FAKE
ajxqmncunn.mp4,FAKE
eadolnlbix.mp4,FAKE
awkzxzryod.mp4,FAKE
cagiejwets.mp4,FAKE
bseaalaspv.mp4,FAKE
dkmymeoyyy.mp4,FAKE
dtsdluvgmg.mp4,FAKE
agsrndrnjg.mp4,FAKE
cmbvmibdcr.mp4,FAKE
buxipbfbir.mp4,FAKE
cryxhnrndp.mp4,FAKE
biatmogsbv.mp4,FAKE
bxrlaehmdg.mp4,FAKE
atpwgkaeet.mp4,FAKE
dqqwmmwlbg.mp4,FAKE
bcvheslzrq.mp4,FAKE
dddxunglkp.mp4,FAKE
dureftqvsh.mp4,FAKE
dlealirddu.mp4,FAKE
adaoqecjet.mp4,FAKE
drxzulpsoz.mp4,FAKE
anbswjhddl.mp4,FAKE
dfwqdiyhmg.mp4,FAKE
babekszsfg.mp4,FAKE
dbrpqjttey.mp4,FAKE
bfjwtlumpn.mp4,FAKE
dhpmnokwfn.mp4,FAKE
dgcdkewejs.mp4,FAKE
adftmlvzfs.mp4,FAKE
dkknwsvdgo.mp4,FAKE
birmbtezni.mp4,FAKE
aciykyosuy.mp4,FAKE
cuwoemoaai.mp4,FAKE
dxrtunuxjb.mp4,FAKE
dwlyuilqwp.mp4,FAKE
aeuyruleqo.mp4,FAKE
eegenfikbt.mp4,FAKE
bucyxkdorm.mp4,FAKE
aqiwuvxump.mp4,FAKE
avoqheikrk.mp4,FAKE
cnkbkvykej.mp4,FAKE
domzpupdnm.mp4,FAKE
cloymwmsgb.mp4,FAKE
dgcrrnrjyl.mp4,FAKE
dnofupbivz.mp4,FAKE
afvdmlwwyr.mp4,FAKE
calhtslbzf.mp4,FAKE
dqggmbpnwj.mp4,FAKE
avptoyibqd.mp4,FAKE
efgxwnhdkg.mp4,FAKE
bmowylfixf.mp4,FAKE
cajdcwtfui.mp4,FAKE
cmmoeaeftx.mp4,FAKE
crbieeifzf.mp4,FAKE
bqiivuyign.mp4,FAKE
byrzacjmjl.mp4,FAKE
cxvbureeyj.mp4,FAKE
ardmfelhgw.mp4,FAKE
amluexcfvi.mp4,FAKE
awmhafhfof.mp4,FAKE
amgcrtdght.mp4,FAKE
boydzhuebj.mp4,FAKE
bwaesrrdhr.mp4,FAKE
bsuhgbshgt.mp4,FAKE
aabkwhhgwv.mp4,FAKE
corzuofzie.mp4,FAKE
bqbazvieah.mp4,FAKE
auyzbzzqpt.mp4,FAKE
atmhcvvjfs.mp4,FAKE
aqgbewikxk.mp4,FAKE
bmdrytwxjp.mp4,FAKE
bneqwtomed.mp4,FAKE
dzngxjxwjy.mp4,FAKE
alrogmblmz.mp4,FAKE
drvtugrrjx.mp4,FAKE
aylqthgnhe.mp4,FAKE
eawwblntbt.mp4,FAKE
cwmahupvmg.mp4,FAKE
cixupjraoc.mp4,FAKE
acagallncj.mp4,FAKE
cyqnqhfzsc.mp4,FAKE
bwressutay.mp4,FAKE
dtvzkziood.mp4,FAKE
dbcqrixpgh.mp4,FAKE
duleldhtno.mp4,FAKE
aldiaifkrb.mp4,FAKE
dzbtmzyupz.mp4,FAKE
cplbyzaslf.mp4,FAKE
bivdbsqzbq.mp4,FAKE
cchtzaxgfv.mp4,FAKE
dzfavttdga.mp4,FAKE
bvfhvgdlnl.mp4,FAKE
dpioueayis.mp4,FAKE
dewgobbsfq.mp4,FAKE
bgpwqfqnbi.mp4,FAKE
ambabjrwbt.mp4,FAKE
ajgukoojpg.mp4,FAKE
bmffrysoii.mp4,FAKE
cintoxpsgf.mp4,FAKE
ccrrlidqnp.mp4,FAKE
ahwduszjzf.mp4,FAKE
bwzpknlhhm.mp4,FAKE
dfpwzhovnb.mp4,FAKE
dntvoisebj.mp4,FAKE
cttbiujgiv.mp4,FAKE
agplffthuy.mp4,FAKE
esdscwuuqp.mp4,FAKE
cnnyovajio.mp4,FAKE
ayphanzbpm.mp4,FAKE
ckxxswspou.mp4,FAKE
aarsmohwrt.mp4,FAKE
adpobgciet.mp4,FAKE
akjvglpobj.mp4,FAKE
bpartnwakp.mp4,FAKE
atlqijvnzs.mp4,FAKE
bevijjvici.mp4,FAKE
clwkkqwozj.mp4,FAKE
bnitzihcqs.mp4,FAKE
bvmplbmqde.mp4,FAKE
bpurwdafcq.mp4,FAKE
eivcumeuxu.mp4,FAKE
dzwleiudsk.mp4,FAKE
blykqbluyb.mp4,FAKE
eculwfsisv.mp4,FAKE
boamzvextx.mp4,FAKE
aralaxkuwf.mp4,FAKE
dgheawmllp.mp4,FAKE
chzxlddmjo.mp4,FAKE
azerbqkngz.mp4,FAKE
cctrhqvein.mp4,FAKE
cvtaccskvb.mp4,FAKE
dkwcabgddi.mp4,FAKE
dfufvvtqov.mp4,FAKE
bgcuvhbfkz.mp4,FAKE
cczisiwrmd.mp4,FAKE
bjcesbmllx.mp4,FAKE
bkkxuqeifu.mp4,FAKE
bebrgwqbot.mp4,FAKE
byridjpwox.mp4,FAKE
bwspwiymvk.mp4,FAKE
biyummatiu.mp4,FAKE
cziwcuwazd.mp4,FAKE
azqvligwls.mp4,FAKE
cqgihowwhl.mp4,FAKE
bhwdqztgmq.mp4,FAKE
eelaraased.mp4,FAKE
doydmpebcj.mp4,FAKE
bujwlvyzkr.mp4,FAKE
crervajrku.mp4,FAKE
cnvpcernca.mp4,FAKE
achdeirhym.mp4,FAKE